企业代号,企业名称,预测信誉评级,发票总数量,发票作废率,负数发票占比,金额总和,金额均值,金额标准差,活跃天数,净现金流,进销项比,月交易额平均,月交易额波动率,最大月增长,月增长率中位数,近3月增长率,活跃月数,最大断月数,合作企业数量
E124,个体经营E124 ,A,18704,0.1251603934987168,0.0234064658070036,1527305903.17,93338.9905989122,224123.7651101875,741,-43745167.50999999,0.9443109542058798,29671214.713200003,0.6567936968707693,3.652836544374053,0.1123456263932223,-0.366254097253024,25,0,1476
E125,个体经营E125 ,C,21883,0.1246172828222821,0.0228648987262476,1873594610.51,97807.19411724784,227001.02434027367,963,8828118.470000029,1.009468336660578,26891753.27114285,0.7069819873543672,3.652836544374053,0.1123456263932223,-0.1557340744886061,35,1,1874
E126,个体经营E126 ,A,2049,0.1317715959004392,0.0196739741427768,633464563.01,356079.0123721192,383442.7214441946,528,407917632.63,4.617141957487456,14463641.606111111,0.6850879194237667,5.976136034345965,0.0705226894337325,0.0766196279569273,36,0,221
E127,个体经营E127 ,A,5476,0.0270270270270269,0.0011261261261261,653584656.99,122669.7929786036,212909.75817637693,694,650291252.0699999,395.9051318414864,18109387.625833333,0.8056104265159955,8.57912434900939,-0.1255320537208327,-0.7651728799401345,36,0,323
E128,个体经营E128 ,B,4477,0.0406522224704043,0.0034924330616996,251318184.72,58514.12915483119,175887.23481734883,830,233462118.86,27.149334426794056,7345156.114848485,1.3428956509461232,346.1349229574475,-0.1131976410714438,-0.9081485994911612,33,3,541
E129,个体经营E129 ,A,12143,0.0851519393889483,0.010351966873706,400932182.08,36090.75363038977,58360.081711715146,992,248679883.16000003,4.266681487557272,9022389.795000002,0.5765566724460102,29.771359529711194,0.0938266321751457,0.3850338745902795,36,0,2172
E130,个体经营E130 ,B,4633,0.0407943017483272,0.0087758775877587,182481826.12,41062.51712871287,60174.32179141165,679,37591519.64,1.5188962678492086,5001666.949090909,1.4616689423561853,74.19547173083073,1.5870211096341502,0.5711866911992453,22,8,534
E131,个体经营E131 ,A,10413,0.0757706712762892,0.0178719866999168,320432051.92999995,33295.10099023275,98744.52770081729,1007,97736011.64999998,1.8777525772538624,5807889.771944445,0.3864798449163912,1.6036023778289787,0.0054884249320945,-0.3945000144859081,36,0,1736
E132,个体经营E132 ,A,6957,0.0356475492309903,0.0026829631837829,267420033.58,39859.894705619314,94253.9166967534,843,139296490.12000003,3.174408954955078,5981125.348529412,0.6805472502563357,4.760887968906846,0.1755713814527781,0.3850291669712438,34,0,781
E133,个体经营E133 ,B,1815,0.0418732782369145,0.002875215641173,152763662.26000002,87845.69422656701,246407.1638190201,675,74546366.5,2.906135101595336,5682750.719000001,1.239795229523341,25.762867026618093,-0.3432683892513055,-0.7490336771285077,20,16,292
E134,***工程咨询有限公司,A,4765,0.0558237145855193,0.0144476550344521,126744215.48,28171.641582573902,39649.15494895086,737,118886724.48,31.260734496546032,3319337.0264864867,0.7982611023993993,4.334545597421847,0.0610939465102293,0.6663150415776725,37,0,2345
E135,***建设工程有限公司,A,3304,0.0272397094430992,0.0059116365899191,160102837.97000003,49814.199741754834,181277.87056118363,680,110972279.06999998,5.517444195815977,3872501.672,0.8076243206898334,26.98817917750041,0.0376739649797172,0.1273654907324456,35,2,444
E136,***机械有限责任公司,B,2643,0.027620128641695,0.0019455252918287,231172190.62,89950.26872373541,13944.05111312408,85,2132180.100000009,1.0186184072831574,4166149.477142858,0.9552612327506528,43.18348973640046,-0.0763379715112643,-0.5723928369530225,28,2,20
E137,***建设工程有限公司,B,3535,0.0461103253182461,0.0127520759193357,246532957.45000005,73111.79046559907,197378.1776157076,880,39995788.390000015,1.387298698554167,4775479.0973333325,1.0703365155037885,31.215337635824252,0.0540392432729708,1.049846954548178,30,7,705
E138,个体经营E138 ,B,2012,0.0303180914512922,0.0189646335212711,128617403.76,65923.83585853408,44706.11296773471,402,87046078.3,5.187794222907609,2995326.1397222225,0.6207763752934644,2.8881659741836265,0.0132492773710732,-0.8162493827205778,36,0,175
E139,个体经营E139 ,A,13294,0.0472393561004964,0.0026843518079898,188924015.43,14915.838893889151,20136.639439301736,590,186503039.35,155.07259980032518,5214264.649722222,0.4112291260967201,1.0687667884525167,-0.0401640293681176,-0.7001107794931122,36,0,246
E140,***建筑工程有限公司,A,2919,0.0582391229873244,0.0141869770825754,189355555.37,68881.61344852674,198246.0073233828,720,175502510.73000002,26.337752860947976,4930514.406756756,0.8175194198954862,38.54743125454976,0.2247346046847484,-0.6835221837113853,37,0,584
E141,***食品有限公司,A,6153,0.0549325532260686,0.0252794496990541,198551977.35,34144.79404127257,35836.23038230584,755,120197959.05,4.068073894813893,4553570.5200000005,0.4300857840567941,1.095862197887655,0.0071158399598105,-0.897758743748972,35,0,1400
E142,***运业有限公司,B,2203,0.0603722197004085,0.0101449275362318,146596330.5,70819.48333333334,91539.42321985443,520,47939028.78,1.971829311043923,2628856.206486487,0.6261477576965319,1.823957715424482,-0.0354983960759739,-0.2951223065715149,37,0,171
E143,***电子科技有限公司,C,4864,0.0382401315789473,0.0136810602821718,123149076.7,26325.155344164174,63474.83820914821,852,57730652.180000015,2.764966142293762,2512218.456666666,1.1990774315675,88.12455728201459,0.0295578870975289,-0.5335055776429349,36,2,678
E144,***劳务有限公司,C,3838,0.0414278269932256,0.0187550964936123,112830503.04999998,30668.79669747213,51509.29556694165,704,95506108.43,12.025621445928484,3858085.397777778,0.997912780818871,22.803305795253717,-0.0767729260006314,1.6407858168635832,27,3,707
E145,***工贸有限公司,C,7259,0.0687422509987601,0.0144970414201183,230546482.84,34104.50929585799,76763.26661647797,895,4592957.280000001,1.040653999698539,3177560.0016216207,0.400207102338678,1.331530897282187,0.0439601514461637,0.0077774544721655,37,0,790
E146,***基础建设工程有限公司,C,4862,0.0567667626491156,0.0087221979938944,254130438.22000003,55414.39996075012,124798.51524384564,870,8090778.639999986,1.0657680851437632,3543529.957567568,0.661658745107573,11.27247221505922,-0.1205229488718292,-0.7831418309972626,37,0,451
E147,***装饰工程有限责任公司,A,8362,0.0532169337479071,0.0108627005178729,335275493.27,42348.805515978274,67423.67643443529,883,40064072.870000005,1.2714263073949832,5213049.529722221,0.7388585857266962,8.653249069699811,0.1083861458389703,-0.7434385366457339,36,1,894
E148,***商贸有限公司,A,827,0.0556227327690447,0.0038412291933418,109438118.45000002,140125.63181818184,227978.94294928052,299,51698227.89000002,2.790728295069357,4739304.304117647,0.9557786417665998,16.36965979469619,0.1958741486192622,-0.852350427275865,17,3,323
E149,***建筑劳务有限公司,A,1519,0.0572745227123107,0.0223463687150838,101807426.61,71094.57165502793,45043.610841195645,244,100673785.91,178.6114529233116,3893869.4715384617,0.9029784159574348,7640.88204537149,-0.1212121199889807,-0.4437029029102197,26,7,121
E150,***建设工程有限公司,A,3843,0.0429352068696331,0.0046220772158781,197465812.49,53688.36663675912,136716.6816823508,835,31050937.790000007,1.3731750283257582,3173843.7538888888,0.8155054350657617,19.728960892316337,-0.0488394250264165,2.4361780345451147,36,1,600
E151,***路桥工程有限公司,B,949,0.0295047418335089,0.001085776330076,112711070.65000002,122379.01264929428,298187.7710316398,411,92131235.25,9.953544424364054,4453093.60652174,0.8752403872662121,20.462111190924908,-0.1111263389161282,6.414346708021989,23,4,179
E152,***运贸有限责任公司,B,2437,0.0237997537956503,0.0134510298444724,125914131.62,52927.335695670445,43100.98727783028,523,113309324.36,18.97874763536845,3232749.405135135,0.3066082746753407,0.5400865087863176,0.0452348535634719,0.2371859972518608,37,0,164
E153,个体经营E153 ,C,426,0.176056338028169,0.0028490028490028,241111684.12000003,686927.8749857551,404144.8975231417,107,240935851.4,2741.512134487824,8311164.405517243,1.069622829566456,96.970748246691,0.0,57.09805803421554,29,7,39
E154,***汽车销售服务有限公司,A,4619,0.0316085732842607,0.0169908338922423,197514646.34,44157.0861479991,100452.16527769597,792,-48598847.67999998,0.6050696214483008,2481929.977666667,0.6215517307411654,6.535130175759951,0.0688094532443641,-0.0558044846809787,30,0,610
E155,个体经营E155 ,B,1500,0.038,0.011088011088011,152840326.64,105918.45227997228,170364.81563579955,303,4351247.319999993,1.0586069674608578,3143831.4792,0.5921014295697042,2.8881659741836265,0.0605484720411861,-0.3925053205571978,25,0,107
E156,个体经营E156 ,B,1055,0.0748815165876777,0.0399590163934426,156009271.23000002,159845.56478483608,375311.3913669184,456,151725541.18999997,71.83804991128711,4525511.947352941,1.5180552738426265,28.79257935476522,-0.0723347945056321,-1.0021276829418264,34,2,187
E157,***环境设备工程有限公司,B,2552,0.0634796238244513,0.0364016736401673,115025525.35,48127.83487447698,60183.81364655492,571,19207526.169999987,1.4009168701992507,1974015.463529412,1.6314067981289384,88.88828804001123,0.2179650303684446,0.572237941430132,34,3,400
E158,***装饰工程有限公司,B,2160,0.0935185185185185,0.0066394279877425,141804725.54999998,72423.25104698671,140614.0909237639,451,16437313.230000004,1.2622262504396886,2825750.6925,1.5344082160326795,17.048681970105935,-0.0142245010170481,1.5810281047195691,28,1,316
E159,个体经营E159 ,A,4937,0.0469921004658699,0.0031880977683315,169400623.82000002,36004.383383634435,133460.64452877888,855,36942919.36000001,1.5578070299588522,2947764.902571428,0.6884029643698762,118.12845203858888,-0.1424618399337269,-0.8974615619801373,35,1,1123
E160,***钢结构工程有限公司,A,7761,0.0904522613065326,0.0179912168862445,372998051.49,52840.06962600936,55050.41469164009,726,72668885.66999996,1.4839282623223713,6022526.177837839,0.7624123686065535,13.969893165363562,0.0057901927487171,1.21954340593611,37,0,492
E161,***建筑劳务有限责任公司,A,537,0.0986964618249534,0.006198347107438,154779925.63000005,319793.2347727273,433672.30667880375,248,153020272.11000004,174.92091155536127,4663639.359696969,0.9371542931486182,40.15507547899997,-0.2755145487163503,3.1894414397291357,33,4,169
E162,***网络信息安全有限公司,C,10874,0.0536141254368217,0.0261393450587892,270479016.81999993,26283.064504907197,131921.5710058682,1042,3443301.5400000517,1.0257890712213502,3804476.643888889,2.0121623867922453,115.19665683333334,0.1080644161613206,1.0485057396180744,36,1,1386
E163,***物流有限公司,A,3725,0.0593288590604026,0.0054223744292237,205810877.06,58735.98089611872,146597.27582827664,797,55576415.97999997,1.7398624201195154,3630379.07,0.9024080586577314,367.9070363370912,-0.2053595070550203,-0.2845683724738849,36,1,291
E164,个体经营E164 ,A,5855,0.0517506404782237,0.0104466858789625,190439737.47,34301.10545208934,46454.58999187667,926,49219535.99000001,1.6970608379562555,3328601.0202777777,0.777396867235008,2.110072153869309,0.2058638767718004,-0.7920322659217367,36,0,590
E165,***文化传媒股份有限公司,A,6931,0.0631943442504688,0.0249499460957954,201144383.25,30978.651355305712,63041.86975146381,968,27295165.209999997,1.3140096402817274,3087020.9251351347,0.4984436118058969,2.853618228427449,-0.0029456459127029,-0.4051979458944859,37,0,1183
E166,***建筑工程有限公司,B,1743,0.102122776821572,0.1648562300319488,80546317.69,51467.2956485623,70647.37061084942,196,74691030.91000001,26.512339093321064,2587289.1433333326,1.576177384866029,101.91264749903542,-0.0224157408966296,-0.2430669416062197,30,7,124
E167,***体育文化股份有限公司,A,12277,0.0459395617821943,0.0160505421326731,258337536.03,22055.62503457697,42176.20642420235,1035,-19081886.590000004,0.8624329442417034,3233184.451891892,0.3790915580661135,2.066240514059804,0.0027449472710599,-0.7768740025541803,37,0,3679
E168,***建材有限公司,C,876,0.0182648401826484,0.0,91571466.94,106478.44993023256,218581.96392579924,206,88848338.88,66.25461669253995,3110686.3072413797,0.6967656898793656,13.744289028475428,-0.1566187346801646,-0.2235207815044003,29,4,20
E169,***建筑设计有限公司,A,7526,0.0405261759234653,0.0080321285140562,190132739.68,26330.527583437197,62661.16821204386,989,39530146.61999999,1.5249597077555126,3103552.5175675675,0.8786634345778919,32.98919298413573,0.153309685961297,1.340113401259511,37,0,1198
E170,***建筑劳务有限公司,B,2126,0.0437441204139228,0.0344318740777176,103957326.03,51134.93656173143,79960.62717875843,574,39568705.23,2.22905894670134,2657889.467777777,0.7396818696043943,5.6230863801811,-0.0137506978311512,-0.8922332623042398,27,10,245
E171,***质量检验测试站,A,9431,0.0630898102004029,0.0136939791760977,149615807.22,16932.52684698959,37926.34816943228,838,59202728.92,2.309605425081517,2821872.11,0.6822993397048331,3.19377721690907,0.004444552176028,-0.99959383662189,37,0,1785
E172,***物流有限公司,B,1744,0.0625,0.0030581039755351,116169245.77,71051.5264648318,58216.30191847196,363,33637287.41,1.8151336301333345,2024412.610540541,0.9335746363209688,5.169025354165777,0.0690399534645119,2.228870484019439,37,0,151
E173,***贸易有限责任公司,B,3851,0.0433653596468449,0.010043431053203,212777555.17,57757.20824375679,84987.22606264112,722,895094.349999994,1.0084489706843682,2887468.236756757,0.3314197762617892,4.830648160461834,-0.0329378737557075,0.381108025667203,37,0,554
E174,***工程技术有限公司,A,3648,0.0496162280701754,0.0031727718488606,166782061.62,48105.58454571676,52945.95741759825,738,15518012.079999983,1.2051777950833773,2762122.328787879,0.7012436288172533,30.077677023935696,-0.0284142532988763,4.196948913180406,33,0,520
E175,***食品集团有限公司,B,8177,0.0582120582120582,0.0172704843526814,152366096.38,19785.235213608623,34206.05410914496,894,-4362448.400000006,0.944331156699967,2466727.466333334,1.3076058950712437,204.16500132023296,-0.3008637657656334,-0.9978983247380984,30,6,2433
E176,***科技有限公司,A,5396,0.0552260934025203,0.0164770498234601,87781306.49,17218.773340525695,31535.028977391747,959,79203745.11000001,19.467660352667743,2197171.7315789475,0.3836061603325686,2.420081287139489,-0.0332961103195553,-0.2426743800894128,38,0,1038
E177,***电力工程有限公司,B,4122,0.0548277535177098,0.0059034907597535,168629282.51999998,43282.670051334695,116661.90926696776,780,26805439.379999995,1.378010337141115,3908694.438,1.360783851262636,13963512.986995466,0.1008419273038574,-0.9308741818286996,25,9,849
E178,***贸易有限公司,B,1456,0.0714285714285714,0.0199704142011834,158651274.57000002,117345.61728550296,202486.68552719068,329,-1568545.8100000024,0.9804200777871324,2122739.577837838,0.6612256508035317,3.6484953954619774,0.2028424351469936,-0.1161207227393477,37,0,212
E179,***园林有限公司,A,2930,0.0723549488054607,0.0106696100073583,96705809.82,35579.768145695365,52453.96120211625,696,23988713.319999997,1.6597819350501706,2080940.0541379307,0.929932604901964,15.630242214423404,0.025567350663925,-0.0188426432726068,29,8,396
E180,***电气有限公司,C,5784,0.0373443983402489,0.0066451149425287,137178794.73,24636.996179956896,86003.30165445739,994,10996668.209999992,1.1742983497469748,1949677.1439473687,0.6893386251786487,2.4544073035982787,0.0559125402538385,-0.8080752738167647,38,0,1088
E181,***食品有限公司,A,4619,0.0368045031392075,0.00944032366824,163423550.07999998,36732.647804000895,42413.27256597124,920,-9468414.14,0.8904701651957436,2080474.81,0.4153464800288504,1.235927404842556,0.1428324171864119,0.0213089253940703,37,0,560
E182,***新材料科技有限公司,B,2076,0.0264932562620423,0.0,150697086.89000002,74565.6045967343,127576.93076878546,567,4178876.049999997,1.0570424116707702,2092918.4181081085,0.4971701680821861,180.72907602617752,0.1097897124354287,-0.1525305524103043,37,0,194
E183,***建设工程有限公司,B,2489,0.0618722378465247,0.006423982869379,90916662.76,38936.47227408993,55642.52283459193,639,39254753.52,2.519678776780724,1807936.3372222225,0.9676123456102966,34.336010452166995,0.2033043771407279,-0.45154351636716,36,1,458
E184,***建筑装饰工程有限公司,B,2681,0.0279746363297277,0.011128165771297,90940257.94,34896.49191864927,65949.60353790822,692,15071060.319999993,1.3972906210366218,1766855.3043333334,1.39169878325425,30.91116426132678,-0.1912631533423238,7.473868271312482,30,5,500
E185,***生态魔芋有限公司,C,5547,0.006850549846764,0.0018152114721365,97033970.87,17613.717711018333,25131.03072191425,172,95624072.55,136.64676429999577,3210967.390333333,0.8018555432774316,5.9912582421875005,0.0465410844028094,-0.0930376629032234,30,7,334
E186,***建筑劳务有限公司,B,2087,0.0349784379492094,0.0054617676266137,86487946.50999998,42943.36966732869,46709.77405036159,519,80622495.73,28.490639254840023,2695329.7135483874,1.08403923651014,16.419996127200854,0.0,3.4000000000000004,31,5,226
E187,个体经营E187 ,B,4056,0.0853057199211045,0.0105121293800539,76993563.6,20752.982102425874,56611.2159162814,703,-70186745.46000001,0.0462481576745779,340340.907,1.0063408609428752,50.94277979624123,0.4332980958546322,-0.293577987706422,10,12,3937
E188,***硬质合金有限公司,A,4719,0.0343293070565797,0.0021944261575597,159010246.46,34893.62441518543,56538.83160082058,847,2416039.1599999964,1.0308573248226405,2181436.292162162,0.3267400706032423,1.595071097852499,-0.0515754710423794,0.2810957774166847,37,0,616
E189,***石油工程技术服务有限公司,C,4043,0.0247341083353944,0.0060867359878265,80008187.3,20291.196373319806,51461.23753234454,869,21411193.239999995,1.7307949352513252,1690323.0089999996,1.1938185786392326,68.0515874239899,-0.2536336873004708,-0.7892088850572005,30,6,853
E190,***劳务有限公司,A,529,0.1190926275992438,0.0321888412017167,121464605.35,260653.6595493562,384036.9044466832,183,118404182.23,78.37765504137218,3634375.5693939393,0.838178211567411,79.3147194796116,0.1076456214561255,55.976199378333206,33,4,82
E191,***商贸有限责任公司,B,4081,0.0423915706934574,0.001279426816786,517013125.0,132296.09135107472,437175.0585413814,453,-4736252.49999997,0.9818447219901092,9486608.749999998,0.9855123458344888,701.2031308206291,0.6047465331154086,-0.837627416223045,27,1,244
E192,***建设工程有限公司,C,197,0.1573604060913705,0.0301204819277108,59429936.10000001,358011.6632530121,374407.3461222553,72,24807264.24,2.433006923342629,2477564.715882353,0.8476958422288583,13.2417245419972,0.4048971349691554,-0.3181736152306542,17,20,36
E193,个体经营E193 ,A,33927,0.0681168390957055,0.0117978238866396,139398171.84,4409.1020951417,14106.68648051051,816,105235487.62,7.160844208980016,3397689.714722222,0.4463812481368215,2.4661129411446305,0.011725548981438,-0.6809187535430881,36,0,2826
E194,***文化传播有限公司,A,16590,0.047016274864376,0.025426944971537,99803224.27,6312.664406704617,16772.66021096854,923,78142304.95,8.215049721167606,2696144.382121213,0.657380704714757,34.24214046441934,-0.1975058537984556,-0.8303983791298295,33,0,4182
E195,***医药有限公司,A,7193,0.0417072153482552,0.0184244886116349,185447762.5,26903.781009720005,59025.05646271569,908,34359253.80000001,1.4548228597347987,2970365.085135135,0.4442327415387181,0.9430219913471348,0.0222890712688447,-0.2018267152678266,37,0,915
E196,***地质制图印刷厂,A,4348,0.0591076356945722,0.023221706184307,114826589.32,28068.09809826448,32817.318982809345,811,30225816.92,1.7145517957469618,1908584.292631579,0.5599309775183691,3.1281178765560664,-0.0869766611597467,-0.986004514610468,38,0,854
E197,***医疗设备有限公司,A,10828,0.0396195049870705,0.0053851331858832,282766613.42,27191.71203192615,58711.89549409031,869,80657547.16,1.7981586244749592,5344472.949705882,0.869305156892551,2.141442967457621,0.1385161196647444,1.1740940290077937,34,0,2068
E198,***商贸有限公司,B,1956,0.0608384458077709,0.029940119760479,115345475.62,62790.1337071312,67478.79522262372,459,-532230.1799999997,0.9908139330801284,1739594.627878788,0.9690408067270576,31.485545984837607,-0.1147099107859662,1.701761773340206,33,4,255
E199,***建筑劳务有限公司,C,868,0.0149769585253456,0.1052631578947368,59735780.89,69866.41039766082,61431.26465489955,74,59415303.28999999,371.7922381470654,3971702.806,1.3188842151128182,32.54567575879009,0.3948206252705745,4.750739673889645,15,10,28
E200,个体经营E200 ,B,1851,0.0464613722312263,0.0101983002832861,94632950.49,53616.40254390935,59354.38369167279,532,-306363.590000011,0.9935461174758043,1387155.6897058825,0.887177343730793,81.389283349973,0.1018784703439186,-0.2136978479416673,34,1,183
E201,***物流有限责任公司,B,1687,0.0829875518672199,0.0109890109890109,87260802.83000001,56406.46595345831,104517.10827099104,541,8835102.130000003,1.225311397950953,1298593.3102702703,1.338210712765047,40.35852725712036,0.1925271481125193,1.5703629144212776,37,0,279
E202,个体经营E202 ,B,1510,0.0331125827814569,0.0013698630136986,109656793.42,75107.39275342466,38035.45018572644,273,88882481.78,9.55696047313171,3102176.175,0.9910041467088356,7.252086541355851,-0.1304561584563506,-0.4954118460833567,32,3,114
E203,***建设工程有限公司,B,1844,0.0672451193058568,0.002906976744186,71045995.24000001,41305.811186046514,54357.25299555244,592,24247019.12,2.036220068482985,1443833.5509090908,1.381951112893706,34.89561382366139,-0.0328625931659108,1.3048045562571111,33,4,372
E204,***科技发展有限公司,A,6897,0.0767000144990576,0.0124057788944723,149501749.71,23477.03355998744,43503.81451840435,984,34681786.849999994,1.6041072647321355,2488966.7102702707,0.6618526370939563,16.535343780200986,-0.05763325763025,2.296293894718746,37,0,1631
E205,个体经营E205 ,A,1159,0.0474547023295944,0.0090579710144927,98187879.22,88938.29639492753,93542.26149403348,206,50318554.20000001,3.102329798006415,2062589.3530555556,0.395996502207697,2.9696318239609827,0.0521171063320602,-0.7532772559822836,36,0,86
E206,***建设工程有限公司,A,4642,0.0370529943989659,0.001565995525727,168954999.83,37797.53911185683,89890.39013276876,923,23061239.03,1.3161374263511345,3310624.8079310344,0.8855038218318821,77.31521048358705,0.3362052707769647,0.7446310306905113,29,8,1204
E207,个体经营E207 ,B,4844,0.0315854665565648,0.0049030057557024,193131910.07,41170.73333404392,48374.4004045726,629,48740775.53,1.6751214426741357,3779260.7125,1.1891288858190143,32.25249314051424,-0.2878306378241589,-0.5863991688930764,32,3,285
E208,个体经营E208 ,A,2004,0.0718562874251497,0.0112903225806451,151416347.02,81406.63818279571,39550.85608913567,330,-308782.95999999344,0.9959297057772736,2158679.4865714284,0.6276522605206828,18.50965380582585,-0.0807325783132593,-0.6527175380644202,35,1,135
E209,***工程检测有限公司,A,9835,0.0492119979664463,0.0084482943000748,109691997.42,11730.50982996471,34878.55988394802,1004,21709972.92,1.4935092831377164,1877171.0048571427,0.6797440765990509,3.385999047231324,0.0494857464233342,0.26707998846983,35,2,2178
E210,***建筑工程有限公司,B,1147,0.047079337401918,0.0027447392497712,59538273.21,54472.345114364136,47675.470822559866,352,47827712.23,9.168304201939266,2982388.4844444445,0.9270366922345052,2.281325913636268,0.5163830889058365,0.6933722622804047,18,19,158
E211,个体经营E211 ,B,2054,0.0881207400194742,0.0096102509343299,70957654.57,37884.492562733576,76015.75973913382,466,27184233.410000004,2.242042896790569,1363081.7775,0.5581949510073178,1.7190762620184827,0.0374650400262361,-0.0293407339330034,36,0,192
E212,***建电管理咨询有限公司,C,1819,0.1039032435404068,0.0122699386503067,77038408.88,47262.827533742326,39901.12304352313,340,76741746.66,518.367844547243,2023423.0992105256,0.976863449418036,10.78322463470161,0.0077440203927616,-0.9533644887966268,38,0,175
E213,***科技有限公司,C,3462,0.0609474292316579,0.0126115041525684,103102004.56,31713.935576745615,102410.82920166684,825,12292426.64,1.2707297384606102,1559384.2054054055,0.6180533327331504,5.054616800131802,0.0951468141147025,2.5187189773178646,37,0,857
E214,***建筑工程有限公司,B,1607,0.1257000622277535,0.0113879003558718,100442570.44,71489.37397864768,103650.0237501819,423,28062196.44,1.775408992498436,1736550.9037837838,1.000953130552767,24.43630785395566,0.1566203839471188,-0.7640777852714995,37,0,406
E215,***建筑工程有限公司,C,1009,0.0802775024777007,0.0,67719228.33,72973.3063900862,41055.714898835016,176,67286280.07,311.8282734292545,3552776.536842105,1.0143899243644336,25.7571601673655,0.4606803072400532,-0.3316959003367548,19,9,77
E216,***建设工程有限公司,C,4219,0.0459824602986489,0.0052173913043478,91613921.56,22761.222747826087,47316.55762221515,894,25037960.94,1.7521622131120518,1822685.6640625,0.9879845733344256,9.73902471538752,-0.1223831240466871,1.9598121971822948,32,2,602
E217,个体经营E217 ,C,963,0.754932502596054,0.0,55348003.84,234525.44,264096.34331579617,196,-50479530.620000005,0.0460038424294969,221294.23727272727,1.4666627930075815,14.13206619506736,-0.1765608658325603,-0.7768421258282553,11,6,257
E218,***建设工程有限公司,B,1336,0.1294910179640718,0.0034393809114359,80130527.38999999,68899.85158211521,181252.3263210433,464,-1473418.9299999925,0.9638885373454328,2313444.3664705884,1.5241198772749385,16.399386735020826,-0.3335649211269232,-0.8963597098246014,17,18,341
E219,***品牌营销策划有限公司,B,5078,0.0567152422213469,0.0154488517745302,71320174.22,14889.389189979123,31972.68570017399,806,-34926.3200000003,0.9990210561057112,1229055.998275862,1.136140338111152,25.671241924091383,-0.2933937276188844,-0.232054937415692,29,3,790
E220,***文化传播有限公司,A,7235,0.0406357982031789,0.0087883590260769,135477232.54,19518.402613456277,38325.09179068186,1025,25095429.66,1.454702297031371,2169900.8405405404,0.6987700539318575,7.4794185460223215,-0.223924607886925,0.8530835445055747,37,0,1722
E221,***测绘服务有限公司,C,5188,0.0206245181187355,0.0049202912812438,79437680.30999999,15634.261033261166,52973.9224423026,834,12505756.510000002,1.373685852729068,1641847.0860714284,0.837480080236403,18.61450537906273,-0.2956352534724533,-0.2649775422319976,28,0,1269
E222,***数码科技有限公司,C,6004,0.1092604930046635,0.0228122662677636,114848583.05,21475.0529263276,43876.625790460144,970,10383017.770000003,1.198783546370908,1692318.9300000002,1.151819588307852,45.32316374334252,-0.2039289028696706,-0.8887299237463492,37,0,1003
E223,***科技有限公司,A,3153,0.0542340627973358,0.0137491616364855,69952148.55000001,23458.13163983904,52381.72931947397,474,-7181214.990000006,0.8137974370513233,1846203.9282352943,0.5902179649125656,6.629883291494124,0.079887821716102,-0.4666381272863751,17,0,842
E224,***纸业有限公司,A,1886,0.028101802757158,0.0103655210038188,194420565.66000003,106066.86615384616,125978.30273146257,387,-2527096.6599999964,0.9743373784666306,2593154.9864864866,0.5288791796819765,9.435022538967305,0.0600346403385352,-0.3339057081430537,37,0,146
E225,***物业服务有限责任公司***分公司,A,13204,0.0542259921235989,0.0118513773222293,112347672.21,8996.450369154387,18748.907057875094,1017,25025164.27000001,1.5731664117387696,1807537.3221052631,0.7036285665304786,7.64514352961273,-0.0801416255807933,-0.3579298485472236,38,0,1161
E226,***建设工程有限公司,B,1601,0.0393504059962523,0.0227568270481144,90781051.82,59025.39130039011,87812.87618390741,431,-1352829.1000000015,0.97063340680993,1541865.9089655173,1.0400807079516,164.7015131812488,-0.1845047532675749,-0.0047949049775401,29,8,254
E227,***安全技术有限公司,C,3684,0.0594462540716612,0.0069264069264069,106580833.05,30759.259177489177,45452.92009523636,716,5115405.649999991,1.1008305150055475,1692367.2530303032,0.7229209241168401,11.215099615148576,0.0636629361809081,1.7682677179384367,33,4,642
E228,***文化发展有限公司,A,3919,0.0665986220974738,0.0311645708037178,89669301.09,24513.204234554403,55189.10511154272,867,30261975.530000005,2.0187960910455773,1620692.9272972972,0.5257249733020689,12.671296249494167,-0.1190595865897545,1.0941930532043194,37,0,776
E229,***家贸易有限公司,B,2483,0.0563834071687474,0.0038412291933418,111315817.52,47509.95199317115,49264.45315424267,684,-1767460.880000003,0.9687405440484648,1480383.1978378375,0.2785860173446257,5.68556244579253,0.047432769852165,0.2425019636824265,37,0,261
E230,***建筑劳务有限公司,B,760,0.1118421052631578,0.0296296296296296,49429487.48,73228.87034074074,46188.48788728654,161,49188472.58,409.177856057862,1590612.2590322583,1.1280215123626325,1024.7017072830188,0.0846257786426923,0.7584554776904223,31,5,87
E231,***建筑科技有限公司,B,1103,0.0471441523118767,0.0,69106201.58,65752.80835394863,113779.71799074789,352,-2353872.18,0.9341206339107478,1390673.5291666666,0.9153078487695888,11.069174118325284,0.1008484478512794,1.897207184100584,24,13,141
E232,***投资发展有限责任公司,C,946,0.0539112050739958,0.0536312849162011,83100421.03,92849.6324357542,247103.25707165967,250,12841018.25,1.3655316652835343,5330079.96,1.9298530435752463,705.6339647398715,-0.8261763701217201,-0.9193106104146016,9,17,158
E233,***劳务有限公司,B,965,0.0248704663212435,0.0,20390018.59,21668.45758767269,40301.45102643744,378,19587319.21,49.80362361809722,2220963.211111112,1.3861274465239162,119.08153853825804,-0.0959861153981515,-0.9268502788530716,9,15,197
E234,***机电设备商贸有限公司,A,1550,0.0329032258064516,0.0033355570380253,44386811.77,29610.94847898599,39537.83008414747,570,35283862.489999995,8.752182595924557,1373632.3148275863,0.6694319692486661,11.507249200426514,-0.0763285606313938,-0.3466277367193082,29,0,342
E235,个体经营E235 ,A,1626,0.0547355473554735,0.0026024723487312,54078823.56,35184.66074170462,62055.2337513947,567,25970361.52,2.8478678401573623,1143559.7868571428,0.6741976112386188,6.5081900560733175,0.0900516929809659,-0.0227825580732292,35,0,314
E236,个体经营E236 ,B,871,0.1791044776119402,0.0195804195804195,49627784.66,69409.48903496502,42991.17213376865,183,39666635.12,8.964268573765432,1785888.3956,0.965714768038415,106.56357618680772,0.2161623845228582,-0.8434906026894643,25,9,99
E237,个体经营E237 ,B,2232,0.0497311827956988,0.049033474776049,36896618.97,17395.859957567183,40547.63219326607,597,2688816.929999996,1.1572048930156869,1522516.7653846154,0.8323934559532847,2.4807692181582843,0.5020990109795435,-0.75,13,4,360
E238,个体经营E238 ,A,15983,0.0574985922542701,0.038502389803505,72417265.53999999,4807.306528146574,12705.81693773304,922,40441742.42,3.529543755592512,1567486.221666667,0.4292836365817258,0.8746516816024739,0.0387173715346453,-0.4385296931008338,36,0,3021
E239,个体经营E239 ,B,727,0.0742778541953232,0.0118870728083209,52146623.64999999,77483.83900445764,86054.43575503778,183,393672.2700000033,1.0152135195965708,1094589.4983333333,0.9766300856030354,62.32832255319149,-0.1420660721995612,0.2569362749963798,24,0,80
E240,个体经营E240 ,B,1246,0.1131621187800963,0.0009049773755656,47037597.32,42567.96137556561,143428.28455408185,505,-13003642.280000005,0.5668429777056101,2836162.92,1.1740326102131695,17.818158493363363,2.5,-0.0700471421501331,6,15,1128
E241,个体经营E241 ,B,1221,0.0696150696150695,0.005281690140845,43881072.690000005,38627.70483274648,36460.7516748789,405,31916535.75,6.335189470358222,1052744.5616666663,0.4607832478951211,2.243178516152806,0.1088463839314723,-0.7306212655016339,36,0,149
E242,个体经营E242 ,D,776,0.3286082474226804,0.0,20124313.29,38626.32109404991,58028.356134942274,307,-17086874.770000003,0.081627023439896,138065.38727272727,0.9305669404122012,6.152668557445842,0.0241983480979447,1.5913204882006502,11,13,548
E243,***科技有限公司,B,1408,0.0355113636363636,0.0014727540500736,36679797.2,27010.15994108984,33594.04061126118,391,27502269.62,6.99339405526472,943853.9238235294,0.8657521493721901,123.64060310286877,-0.0972265993744955,-0.6022814090389564,34,0,166
E244,个体经营E244 ,B,1687,0.0823947836395969,0.0129198966408268,48682701.47,31448.773559431524,44944.31814630727,611,21041689.11,2.522497717229052,1056430.1603030304,0.9331465466982016,27.34874212450077,-0.0413507619125638,0.7093439709032503,33,1,173
E245,***建筑劳务有限公司,C,618,0.0728155339805824,0.031413612565445,25303355.44,44159.43357766143,52699.18867521558,251,25037865.34,189.61618824958072,1144118.654090909,1.0587163986562242,19.56953667235982,-0.1412500005512108,,22,7,102
E246,***物业服务有限公司,A,2197,0.0682749203459263,0.0122129946262823,37902360.06,18516.05278944797,40475.19737592077,664,24853142.86,4.809139273120536,848047.3367567566,0.4160896162875693,4.439362795425371,0.0662665588014226,0.1411792697009957,37,0,541
E247,***石化有限公司,B,1302,0.0414746543778802,0.0056089743589743,33996384.94,27240.693060897436,35080.177785478976,532,9428632.659999996,1.7675616843202715,603125.2444444444,0.9778709306674216,10.794021509346504,0.2409113391048891,0.9884433695682484,36,0,196
E248,***智能科技有限公司,B,1916,0.0506263048016701,0.0082462891698735,34653389.52,19050.79137987905,40383.18109988641,640,7084164.680000002,1.513918307178636,579688.2527777777,1.57385669342945,146.11646391231685,-0.0173279975185143,-0.7841258558544163,36,1,390
E249,***建筑工程有限公司,A,1191,0.0848026868178001,0.0009174311926605,79116028.83,72583.51268807339,132171.9273473399,313,24523614.57,1.8984257209510704,4710892.881818182,0.7426370561267405,16.83154800709805,-0.0840282563438394,-0.0114682144949586,11,21,109
E250,***塑料厂,B,1217,0.1068200493015611,0.0285188592456301,41077158.78,37789.47449862005,44589.52675661781,490,23810732.600000005,3.758038328462017,853788.0444736843,0.3924525823648179,1.5451175592638018,0.0214395259593878,-0.824527738926841,38,0,231
E251,***医疗器械有限责任公司,B,1772,0.0806997742663656,0.0227133210558624,21998443.130000003,13504.262203806018,29049.418982531613,538,3721310.630000001,1.4072094602367191,559125.0817391304,1.4700886027813316,20.02383915904643,-0.1034217363804846,-0.3246381558136347,23,14,492
E252,***印务有限公司,B,1499,0.0513675783855903,0.0098452883263009,65521638.22,46077.101420534455,79817.19086843896,535,13045129.78,1.497179792169877,1061713.0810810812,1.2403200697797527,10.792185322943032,0.0039987783482669,-0.543558120792363,37,0,152
E253,***钢结构工程有限公司,B,1618,0.0642768850432633,0.0052840158520475,42109202.04000001,27813.211387054165,38086.21237836151,587,5341869.119999997,1.2905769168312031,659042.655,0.9322345016871108,479.000473000473,0.2816002167450537,-0.15981255690987,36,1,433
E254,***设备安装工程有限公司,B,730,0.0520547945205479,0.0028901734104046,40421832.900000006,58413.05332369943,50479.84052455177,315,33978884.54,11.54761970496377,1127283.5975757577,0.8497152263311228,4.90156751767814,0.5604472217016105,2.9190729671251328,33,4,62
E255,个体经营E255 ,B,2016,0.0426587301587301,0.0191709844559585,49874622.4,25841.773264248703,52524.481172006526,650,27338341.280000005,3.4261626072580698,1135484.76,0.9829735173202344,1346.9224390893585,-0.0132929328894368,19.545690142469155,34,2,332
E256,***物资有限公司,B,1199,0.030859049207673,0.0094664371772805,40185001.49,34582.617461273665,29697.03025544096,352,19667720.69,2.9171858962908965,808820.5699999998,0.2680608357597713,1.0959998672441622,-0.1122631598142107,-0.152042591489152,37,0,266
E257,***门窗安装有限公司,C,713,0.0827489481065918,0.0198776758409785,38882853.44,59453.904342507645,56992.17305672919,284,8704456.34,1.576866711055373,793121.8296666666,0.8782877149809862,33.90925615381921,-0.032415931582873,-0.9004201591968809,30,0,140
E258,***国际货运有限公司,A,4813,0.0415541242468314,0.0162584001734229,83244012.8,18045.526295252548,30037.190461228744,844,52848944.27999999,4.477468342946837,1790696.8036842104,0.833603238242904,4.544492106795562,-0.0796831854072384,-0.3208092952025593,38,0,445
E259,***文化传媒有限公司,A,3280,0.0768292682926828,0.0125495376486129,50198402.36,16578.07211360634,27233.746963152276,803,13252843.86,1.717425552519391,857449.2732432431,0.5459088057442432,27.662733650863068,-0.0409610544241482,0.91340683419145,37,0,747
E260,***广告有限公司,C,2953,0.0694209278699627,0.0120087336244541,40005048.3,14557.877838427949,26020.890212612157,726,4332118.02,1.2428798523696718,599150.8962162163,0.9671181408512484,5.317768786867441,0.051562599931385,-0.7579573574751408,37,0,568
E261,***医疗器械有限公司,A,2934,0.0780504430811179,0.0121996303142329,24584052.76,9088.374402957486,17345.628810712573,804,7351346.000000002,1.8531852949605927,431559.4427027027,0.6436142244999921,1.3406946445668968,0.0796890472232109,0.1520323969424187,37,0,601
E262,个体经营E262 ,C,1021,0.0440744368266405,0.0092213114754098,40943291.42,41950.09366803279,41788.98910835427,241,8104635.179999996,1.4936033387461165,817465.4433333334,1.0705570640927926,41.72354734751247,0.3988780060123182,3.3691879275939622,30,6,244
E263,***通信工程有限公司,B,992,0.0987903225806451,0.0212527964205816,40583746.31,45395.68938478747,78380.09899561158,385,11879371.470000004,1.8277045945934285,728654.4136111111,1.066394453692977,44.317433501660766,-0.2055967273480559,0.058084688240888,36,1,165
E264,个体经营E264 ,A,2033,0.249385145105755,0.0072083879423328,24720479.21,16199.52766055046,48932.006297332606,570,-22374407.81,0.0498158409214079,90233.51538461536,0.7487996285393822,21.349809456952315,0.0044717515059705,-0.9752060568652752,13,9,1625
E265,***净化工程有限公司,B,2510,0.0561752988047808,0.0122414520894892,45325232.54,19132.643537357533,39318.06534210991,722,2299500.719999999,1.1068895576079942,744136.4571875001,0.9670736635158532,49.02127115888632,-0.2883247850760103,-0.8387151076188805,32,1,548
E266,***煤矿机械有限公司,A,779,0.0513478818998716,0.0148849797023004,27513077.24,37230.1451150203,40535.84078158664,290,25066117.74,21.487562413681143,938914.1960714284,0.6891817439874748,73.6092874245439,-0.0739894270444175,-0.3329734219237146,28,6,99
E267,***林园艺场,C,419,0.0668257756563246,0.0127877237851662,18526473.74,47382.28578005115,47950.75099179613,159,16459810.359999998,16.928874067531982,1249510.1464285713,0.9004162783429601,4.088012787523046,-0.0193521444688767,2.96977622431081,14,4,53
E268,***建筑劳务有限公司,C,407,0.0565110565110564,0.0234375,31445402.95,81889.07018229166,83858.17691712579,75,19737628.93,4.371713341286373,1279575.7970000005,0.7054663958418215,4.192967871451305,0.3712066322926799,1.86761905970326,20,17,31
E269,***节能服务有限公司,C,393,0.0763358778625954,0.024793388429752,30996291.82,85389.23366391184,191509.9250605853,202,29125089.08,32.129805934337185,858876.87,1.7743787214559592,86.22280126725576,-0.1163616630755219,-0.1805542068802178,35,1,90
E270,个体经营E270 ,B,976,0.0952868852459016,0.015855039637599,25905803.9,29338.396262740654,37954.573491576,403,14182512.500000002,3.4195444804860857,607398.7333333333,0.7221953305320994,177.16556122190414,0.0237236449973038,0.0466864323176328,33,2,130
E271,***科技有限公司,B,2255,0.0784922394678492,0.0110683349374398,56328156.88,27106.908989412896,101025.53219643552,764,4080245.860000003,1.156187904180059,816329.7667567567,1.2821931257920716,55.245524769283634,-0.1278685300749359,2.9481111356378817,37,0,609
E272,个体经营E272 ,B,1801,0.0505274847307051,0.027485380116959,18275930.21,10687.678485380118,25516.47046176864,619,9419364.79,3.12709201441206,384656.87500000006,1.017654943990313,10.50881209339268,0.120137751579034,-0.6726716292605344,36,0,358
E273,个体经营E273 ,C,9592,0.0178273561301084,0.0032905211760959,32974600.860000003,3500.1168517142555,9861.632126412773,776,13034855.7,2.307424502711146,657277.9508571429,0.5039925646862535,6.037642000863043,-0.1865459618694057,-0.8751447853442791,35,0,5458
E274,***建筑劳务有限公司,C,166,0.108433734939759,0.0135135135135135,11769260.03,79522.02722972973,34323.285382081245,45,11698121.89,329.88467114827574,782246.0639999999,1.077852844010469,9.89504931286913,-0.0961878435533402,2.0985914058492776,15,6,26
E275,***网络工程有限公司,C,820,0.1207317073170731,0.0416088765603328,22237161.16,30842.109791955616,45212.57513378504,317,19036570.9,12.89566258318864,606966.6479411767,0.9473680973817468,26.8087248559284,0.0456116802436558,-0.0879409953757141,34,4,145
E276,***体育设施工程有限公司,B,1252,0.0487220447284345,0.0075566750629722,16226857.98,13624.56589420655,32748.03718031993,557,8138820.719999998,3.012557672119329,507618.30625,1.3529926033341937,214.63198614001152,-0.4218169483620327,-0.7519437361985881,24,13,268
E277,***消防设备制造有限公司,B,605,0.052892561983471,0.0052356020942408,30626698.84,53449.73619546247,38794.32300079742,247,5589057.720000001,1.4464524188371304,603595.9426666666,0.3222503382572183,2.142084827656991,0.0459995705487727,-0.6431533344301716,30,0,117
E278,***贸易有限公司,B,643,0.0497667185069984,0.0065466448445171,24058523.06,39375.6514893617,38414.952711189406,296,1977208.9399999976,1.1790843542422282,361607.3888888889,1.103736783946561,128.98373626964118,0.1867840085455381,4.987849466534709,36,1,137
E279,***环保包装有限公司,C,1145,0.0393013100436681,0.0336363636363636,39635786.44,36032.53312727273,41936.29704681417,367,6250652.859999998,1.3744572622434896,791145.5051724139,0.609375535776434,17.79282704422958,-0.0332493766657456,2.04247388665412,29,1,98
E280,个体经营E280 ,B,1143,0.0437445319335083,0.0036596523330283,29306799.61,26813.1743915828,31492.014285847177,516,4854306.8100000005,1.397039831456366,474459.811388889,0.5392713001340135,5.589777534984309,0.0461814528629671,-0.8786692738498165,36,0,231
E281,***商业管理有限责任公司,A,1643,0.0547778454047473,0.0019317450096587,35962495.42,23156.79035415325,61928.88174566538,547,-3296275.0600000024,0.8320744628678955,494942.7327272727,0.6104308872286555,14.327384008278628,0.3231098893740759,0.4508196504154828,33,0,232
E282,***影城有限公司***分公司,C,3506,0.2267541357672561,0.0136481003319808,33048787.520000003,12190.62616008853,26912.897464462683,630,9094419.460000005,1.7593119916351492,554515.8813157894,0.5131651134424606,4.538542997141851,-0.0440154107098615,-0.9992952652355372,38,0,686
E283,***机械铸造有限责任公司,B,908,0.0385462555066079,0.0,34843670.59,39912.56654066438,34259.38526155108,396,4447259.870000001,1.2926174350627408,530958.5197297296,0.5211658769879808,3.886713516264684,0.0648488982852857,0.0471200614909713,37,0,127
E284,***成焊科技有限公司,B,1524,0.0577427821522309,0.0048746518105849,26744741.12,18624.471532033425,25997.63123423057,594,5310688.640000001,1.4955375232896695,433181.4832432432,0.4983296682638924,4.302935289842986,-0.0575741027165308,-0.6698226795671605,37,0,249
E285,个体经营E285 ,B,1336,0.1107784431137725,0.0092592592592592,46295314.86,38969.12025252525,52631.22343670478,506,14138126.78,1.879313623120744,839353.3561111111,1.3907322476981936,60.71686268656717,0.0321912063267204,325.10654985074626,36,0,281
E286,***印务有限公司,C,563,0.1314387211367673,0.0102249488752556,23421080.22,47895.86957055215,42339.70087704925,234,834642.8399999999,1.073906550728453,527298.3273913043,1.001417426624505,7.393604949733476,0.1113252561645539,-0.6313815916700893,23,1,116
E287,***鞋材有限公司,B,771,0.106355382619974,0.0058055152394775,29322238.01,42557.67490566038,34657.41054089943,362,764580.25,1.0535464257205944,406578.6251351351,0.4547165761387025,3.361879190820804,0.0913387389430747,-0.2037751337313785,37,0,120
E288,个体经营E288 ,B,890,0.0842696629213483,0.0061349693251533,29199901.67,35828.10020858896,38692.17365701098,408,2827571.389999997,1.2144347018241572,485264.74333333335,0.8295100711430548,31.883769851086605,0.1001817655628604,-0.3036094243961165,33,1,166
E289,***运业有限公司***分公司,A,5014,0.0279218189070602,0.0067706196142798,28287982.72,5803.853656134592,14549.7500699081,892,13815222.32,2.9091343929109748,568962.2302702704,0.2072879440708217,0.5980610952721994,-0.0212578761099778,-0.2265812540330706,37,0,576
E290,***机电有限公司,A,1996,0.0746492985971943,0.0135354629128316,22201037.34,12020.052701678394,22964.10163255646,691,11587499.3,3.1835318734109896,456601.8464864864,0.8332686538546613,15.11447682177614,0.0259194443545424,-0.767752153122989,37,0,332
E291,***文业建设工程有限公司,D,555,0.0972972972972973,0.0219560878243512,28040831.950000003,55969.72445109781,181196.30771907,188,-5593880.510000002,0.6673745603353969,1402934.465,1.4919668085334563,23424.0,1.403596264517171,-0.9686889569978808,8,19,149
E292,***物流有限公司,B,1652,0.0308716707021792,0.0012492192379762,18440373.1,11518.034415990009,14362.184132596876,311,4769600.639999997,1.697780707557764,351666.2687878788,0.7413729234297836,2.5486831039486804,0.0095645718445447,-0.0793944253731116,33,2,103
E293,***物资有限公司,C,176,0.0738636363636363,0.0,15207625.63,93298.31674846628,136201.94569052165,84,184745.8700000001,1.0245952670794725,208005.02027027024,1.7081829527147434,96.99553261072592,-0.1600447487793578,72.82909152082118,37,0,30
E294,个体经营E294 ,A,1226,0.0579119086460032,0.0043290043290043,26730824.15,23143.570692640693,36105.96066775976,547,18551815.629999995,5.536446094813457,628925.5525,0.6474090418876893,11.253677674627562,-0.08101460476507,4.503470003607415,36,0,282
E295,***电器设备制造有限公司,B,1105,0.0733031674208144,0.00390625,24853054.09,24270.56063476562,48093.82511591152,551,2497858.750000002,1.2234700893470254,414407.7703030303,0.9362978397609576,27.9720146029371,-0.0386721990491638,0.2227529109809401,33,4,275
E296,***装饰设计工程有限公司,B,1796,0.0729398663697105,0.0282282282282282,17813206.05,10698.622252252251,30638.275219504078,547,6929328.2700000005,2.273319750564123,618563.358,1.1711213156167448,15.14979272242466,-0.0559212525712239,4.8129520629630544,20,14,405
E297,***建筑机械租赁有限公司,C,233,0.0901287553648069,0.0,23942967.89,112938.52778301889,102783.83071810903,38,3349032.1899999976,1.325244502924227,974714.2885714284,0.7047207394616418,10.910313638920226,-0.2566454885367998,-0.2324309574917179,14,10,13
E298,***电器维护服务有限公司,A,3722,0.1031703385276733,0.01168364289994,21700215.07,6500.963172558419,4131.548254342183,487,10756411.27,2.9657536751526923,427060.8728947369,0.559389035140653,652.8137345224058,-0.0195137159337075,-0.2967365183950035,38,0,333
E299,***压缩天然气有限责任公司,B,1137,0.0633245382585752,0.0112676056338028,43871941.72,41194.3114741784,99289.48697056288,402,-4506529.740000002,0.8136968943416881,517965.9471052631,0.7940909251868523,13.481504811225417,-0.0286171659458669,-0.8541692875614398,38,0,388
E300,***建设工程有限公司,C,1017,0.0462143559488692,0.0061855670103092,33283395.74,34312.77911340206,42481.08682278495,320,3794475.839999998,1.2573492588312805,975733.4626315788,1.2574924469804696,9.883038076115284,0.141828805259975,0.7086021616454719,19,14,257
E301,***企业管理咨询有限公司,C,3487,0.0252365930599368,0.0044130626654898,19332762.44,5687.779476316563,17614.56199789347,866,11493680.16,3.932404521208827,453330.0382352941,1.125248104275534,16.64823522335928,-0.115137578876539,3.8137612358274215,34,0,910
E302,***机电设备有限公司,B,1244,0.067524115755627,0.0077586206896551,12481253.09,10759.700939655171,28790.57993039487,586,6243708.849999999,3.001976614437607,260068.91583333336,0.8535981405340605,8.575938152535997,0.1381070812395706,-0.5922533438041021,36,1,271
E303,***图书发行有限公司,B,1053,0.0531813865147198,0.0020060180541624,18524466.22,18580.206840521565,36666.78957444567,506,14170625.400000002,7.509482540062179,495380.1760606061,0.4727572351921653,1.4706805503338591,0.1896420730914317,-0.8628436510614105,33,5,160
E304,***环保科技有限公司,A,1636,0.0592909535452322,0.0006497725795971,26190834.01,17018.08577647823,40718.496912179166,577,-7433607.31,0.5578450068951212,253476.03648648647,0.6559407572958275,1.371388828553057,0.0468875419978751,0.0076155675912334,37,0,345
E305,***劳务有限公司,B,949,0.0558482613277133,0.0022321428571428,67249844.07999998,75055.62955357142,173589.53662354493,358,28424368.4,2.4642122422027204,1839888.701538461,0.9418467109991836,47.20881708486363,-0.2613572076756381,-0.8023582143927169,26,11,169
E306,个体经营E306 ,B,1633,0.0483772198407838,0.0077220077220077,16156855.510000002,10396.946917631918,25193.514391304278,634,8942713.69,3.4792176015192338,369111.31176470587,1.0089090670210303,23.36782492363791,-0.0617940127096217,1.0907127384930908,34,2,407
E307,***通信工程有限公司,B,576,0.0451388888888888,0.0,9215176.6,16754.866545454544,33803.17704703502,312,3057154.339999999,1.9929013605092096,438297.5335714286,1.845769922112916,110.11112187654416,0.2288995112781287,0.6634168970926647,14,17,121
E308,***餐饮文化服务有限公司,B,2529,0.1696322657176749,0.0095238095238095,20155705.82,9597.955152380951,14067.427489686408,457,3721957.3000000026,1.4529651035453477,322671.12324324326,0.484729634618493,4.064547686990965,0.0485125329412722,-0.5102713665210389,37,0,1779
E309,个体经营E309 ,B,1197,0.0760233918128655,0.0144665461121157,19106228.11,17275.0706238698,31295.290739784523,477,6360384.710000001,1.998032772001577,385857.77,0.993184216033308,114.0842307197116,-0.0820988576702018,-0.8090040184690297,33,3,236
E310,***律师事务所,C,2859,0.0286813571178733,0.0140439323010442,14787482.13,5324.984562477494,14863.76546382312,788,7435542.449999999,3.0227430511236184,358435.88032258063,0.5628022083419814,4.309883005284659,0.1403795745271822,-0.593644618016431,31,0,938
E311,***律师事务所,C,3011,0.0285619395549651,0.0136752136752136,12668281.74,4331.036492307692,14900.59987132757,745,8674577.18,5.344125635572802,410439.5946153847,0.689016559610268,7.343311469733887,-0.2506632009539616,1.0770101404171863,26,0,482
E312,***家居用品有限公司,A,5335,0.0442361761949391,0.0090213767405373,85925419.14999999,16851.425603059422,51873.105190611175,907,-61422176.70999999,0.1662955021219442,331124.8978378378,0.544572194425514,32.03590635897659,0.0221397160667409,-0.1704583716509026,37,0,1100
E313,***物流有限公司,C,628,0.0382165605095541,0.021523178807947,20297928.16,33605.84132450331,40361.13619736559,282,6147165.199999999,1.868810426317819,357366.1264864865,0.6429518914007448,10.08684102389286,0.1952696121134061,1.0816949792158168,37,1,92
E314,***房地产营销策划有限公司,B,1376,0.0210755813953488,0.0304380103934669,10377324.31,7704.026956198961,23786.51793982422,536,4433560.77,2.491836187682527,238885.24322580645,1.0101553995692858,18.901306124317,0.2671674209607759,-0.671706661259789,31,5,238
E315,***轮胎有限公司,B,1968,0.029979674796748,0.0036668412781561,13580526.85,7113.948061812467,7712.978193348257,384,9299300.29,5.344222460396956,309186.8532432433,0.4052847152801642,2.7720380872477817,0.0137003215261396,-0.3412655968571838,37,0,236
E316,个体经营E316 ,B,1223,0.053147996729354,0.0138169257340241,13336831.66,11517.125785837652,27109.53023123685,500,8304654.28,4.300620647040864,327901.30212121207,1.203239648106368,477.46425817684366,0.0195485423820819,86.38739436432354,33,2,208
E317,***科技有限公司,C,563,0.0799289520426287,0.025096525096525,7352973.189999999,14194.928938223937,29456.371084008573,282,4077124.73,3.489202281353393,228601.9584,1.1253365022120696,28.44766763951409,0.2154521741973922,0.1364490858083633,25,7,142
E318,***商贸有限公司,A,709,0.0888575458392101,0.0061919504643962,12322962.95,19075.79404024768,22091.33232134113,254,9949168.63,9.382502684562828,293054.36289473687,0.3274457448994777,3.961941986953974,-0.0202001888578458,-0.4981258719521576,38,0,42
E319,个体经营E319 ,B,924,0.0616883116883116,0.008073817762399,20822475.88,24016.696516724336,26309.8624919874,443,6290593.6,1.8657644589727571,376570.40944444446,0.4638881766150129,4.5938263150495695,-0.0515467954080517,-0.2828389857154927,36,0,214
E320,***建筑设计有限公司,C,342,0.0555555555555555,0.0,15195811.8,47045.85696594427,300103.5235142137,180,1802622.2799999996,1.2691849133185416,1416536.173333333,0.9725951223095124,16.737148347640154,3.750000053000001,-0.2217606397061318,6,10,83
E321,***生物流有限公司,C,490,0.1285714285714285,0.0163934426229508,16466812.510000002,38563.9637236534,42931.82420259815,241,6171586.870000001,2.198922119010497,305924.315945946,0.8674713649290856,353.9440145599743,-0.0997126347606438,0.2380784302583845,37,0,143
E322,***装饰工程设计有限公司,B,1784,0.0381165919282511,0.032051282051282,19134115.05,11150.416695804191,27026.71625896453,494,1005973.5300000012,1.110984739267415,347242.9065517241,0.8652570073113736,18.39318548429609,0.1251671077476707,0.9082967059997488,29,1,245
E323,***建筑装饰工程有限公司,D,666,0.1216216216216216,0.0068376068376068,9478795.79,16203.069726495729,31305.602033382445,265,1485901.2500000014,1.3718055436772976,342646.7825,1.2084795831314894,21.544363,-0.0186202854590934,-0.6236893402726836,16,7,162
E324,***汽贸有限公司,B,2037,0.0633284241531664,0.0062893081761006,93168635.59,48830.52179769392,39626.91155682262,652,-65566108.85,0.1738908947589193,373007.11810810806,0.7292344946369455,6.0393357134613845,0.0041495534066405,-0.5540949497750246,37,0,125
E325,***通讯器材有限公司,A,4710,0.0416135881104033,0.0090828533451484,42729295.84,9465.949455028798,51228.64453684947,979,-19746485.919999994,0.3678675043761469,302405.39368421055,0.4571263522514013,2.275416823761533,-0.0851401842314006,-0.951845750830256,38,0,1582
E326,***包装材料有限公司,A,484,0.0681818181818182,0.0,19902695.66,44130.14558758315,34994.73045558544,217,2254541.540000001,1.2554988498706516,335715.7151515152,0.6088215146599548,10.50471463372261,-0.0216979012584467,-0.8759230460803682,33,0,74
E327,个体经营E327 ,C,751,0.0452729693741678,0.00139470013947,28736309.290000003,40078.53457461646,37863.38328131901,374,7254508.27,1.6754096887170589,499872.4661111112,0.605992046454389,4.586744335614265,0.0453162332643921,-0.5957091063291899,36,0,68
E328,***科技有限公司,B,629,0.0604133545310016,0.015228426395939,10630755.57,17987.742081218275,33964.745689402254,285,6047372.55,3.638824869582905,320733.2330769231,1.2903572131054897,225.742109387473,0.560869753341227,31.956123204455828,26,3,137
E329,***园艺有限责任公司,C,134,0.0373134328358208,0.0,11071857.99,85828.3565116279,27960.598765572144,32,11069354.21,8843.114091493664,615033.6722222222,0.6738273596313904,265.52315151515154,0.0517129485179406,-0.2128180869902724,18,12,20
E330,***酒店管理有限公司,C,9207,0.0097751710654936,0.004387408138642,10993243.06,1205.7961017878686,2456.572436298101,1051,5600793.6,3.07727254248573,218342.5876315789,0.4904181327112705,3.381673631338079,0.1317948451163644,-0.9361122017187976,38,0,1656
E331,***广告有限公司,C,239,0.0502092050209205,0.0176211453744493,7237775.93,31884.475462555063,42108.40327839593,141,4842114.129999999,5.042402086972376,251664.37625,1.5738352033324603,414.8899459836208,-0.125000033124999,-0.7362729696261728,24,10,90
E332,***商贸有限公司,B,1225,0.0244897959183673,0.006694560669456,46783895.91,39149.70369037657,75533.17749999625,470,14394024.45,1.8887978742228697,1176498.468461539,1.25224841883247,42.72292078433785,-0.0318883227098247,3.7152192003284616,26,1,214
E333,***房地产营销策划有限公司,C,986,0.0152129817444218,0.0061791967044284,8434021.830000002,8685.9133161689,25368.31327539171,498,5806787.369999999,5.42045615525308,245531.19310344828,0.7309610065932527,6.480110703282012,0.0541174500214792,-0.5105666040906589,29,4,191
E334,***机械科技有限公司,A,347,0.0432276657060518,0.0180722891566265,12980810.54,39098.82692771085,39414.45629910557,167,2079063.3999999997,1.3814183861175118,259652.99896551727,0.6728947001742493,60.1582292127277,-0.1292596077077942,-0.4566223740244349,29,1,45
E335,***挖掘机租赁经营部,C,779,0.097560975609756,0.0,8698950.250000002,12374.040184921769,26200.076249701964,280,2207941.43,1.6803076351389088,302969.2133333333,1.0230780164541575,19.086676257115588,0.3975685916031604,3.362889950737276,18,7,70
E336,***猕猴桃专业合作社,C,60,0.0833333333333333,0.0,3138960.25,57072.00454545455,44421.01346539395,24,2614792.75,10.976935807733216,261534.2272727273,2.40786079277467,302.3333333333333,0.3193606923506421,-0.9892282133788802,11,18,23
E337,个体经营E337 ,A,823,0.0959902794653706,0.0094086021505376,11609004.26,15603.500349462363,20337.860379393056,340,11022646.040000005,38.59696944301386,314328.47638888896,0.5679860765654577,2.3664251773047806,0.0367379988758125,-0.6805493566781133,36,0,134
E338,***商贸有限公司,C,341,0.0234604105571847,0.006006006006006,7928819.089999999,23810.267537537533,38360.76208316322,220,6787295.129999999,12.891638490005938,245268.5703333333,1.1019847777913236,9.40216222465026,0.0,9.411596213385142,30,7,93
E339,***居益卫浴家俬厂,B,302,0.0264900662251655,0.0136054421768707,6792440.74,23103.53993197279,27268.21668315189,179,1007093.4399999996,1.3481531489043015,194988.3545,0.6915096799537972,3.2245819785422496,-0.0672414388513796,-0.7917239329057492,20,2,68
E340,***物流有限公司,C,175,0.16,0.0748299319727891,6857373.95,46648.80238095238,50520.87918586386,76,6798074.509999999,230.2795517124613,213366.3821875,1.2419300921069758,83.17903536740224,0.4805195560887179,0.6398851880183698,32,4,51
E341,***纺织品有限公司,C,128,0.046875,0.0,4813511.000000001,39455.00819672132,33657.008855190325,69,1943887.6,2.354803281852246,225246.62000000005,0.6705750332849898,5.372899820084006,-0.176331593558263,0.6280915430759563,15,3,41
E342,***裕华机械厂,C,422,0.1066350710900474,0.0053050397877984,7169805.430000001,19018.05153846154,26179.48836523806,269,2689437.850000001,2.2005433938078807,144988.87176470587,0.5861372325424541,22.788070773075667,-0.0992208021672971,-0.1751022756665734,34,2,78
E343,***五金工具经营部,C,436,0.073394495412844,0.0247524752475247,2552752.5,6318.694306930693,3705.7911944212233,149,2551167.6,3220.3420405072875,68971.89324324326,0.66806736865872,2.111387265957464,0.0235842524849031,-0.6901882963312794,37,0,30
E344,***机械有限公司,C,214,0.0373831775700934,0.0339805825242718,3701439.88,17968.154757281554,31786.42914430503,137,901303.96,1.6437572930388322,62199.24108108108,1.203786886304376,33.349984863132,0.1337847426255437,-0.9606987280851425,37,0,105
E345,***科技有限公司,A,340,0.0470588235294118,0.0,2830853.35,8737.201697530865,18255.576697519988,238,1665959.8300000003,3.860278302518157,83274.31814814816,0.9220632969630704,113.1205698567408,0.4398220541514706,-0.1343817042613026,27,10,128
E346,个体经营E346 ,A,1141,0.0429447852760735,0.0082417582417582,4715552.4,4318.271428571429,7073.748417913315,555,101517.16000000016,1.0440036344412489,66903.7438888889,0.7129846295776973,11.349509361925277,-0.0723017547299467,-0.3786112799667683,36,0,200
E347,***不锈钢材料有限公司,D,297,0.1414141414141414,0.0,3091757.5400000005,12124.53937254902,15101.899813549751,158,1142438.86,2.1721417044030997,58808.28333333334,0.9403478742507796,5.748997938876543,-0.1139551851531172,1.3937198914835314,36,0,74
E348,***酒店管理有限公司,A,4469,0.0507943611546207,0.0084865629420084,3033492.37,715.1089981140971,1892.5461439363728,893,1488233.19,2.926192329755323,66495.96411764705,0.3600700739059991,1.2413059756178804,-0.0390562687143206,-0.8709330942442772,34,0,1043
E349,***营销策划广告有限公司,C,48,0.0,0.0,3335952.42,69499.00875,40765.22365447564,16,3322195.1999999997,483.9747870572688,554845.6349999999,0.3200488882192428,0.3646536468335171,0.2855440068973818,1.2921662665619489,6,17,9
E350,***演艺设备有限公司,B,689,0.0203193033381712,0.0029629629629629,1879276.32,2784.113066666667,11853.432323672085,424,1065645.18,3.619479829643688,56633.105769230766,1.3208198586155164,172.71213325093433,0.2921365806961911,1.398386970167795,26,8,173
E351,***文化传播有限公司,D,161,0.0559006211180124,0.006578947368421,1355419.46,8917.233289473685,19741.53729817039,114,759610.5000000002,3.5498458432045075,50357.85619047619,1.116629920099588,6.455069713234608,0.068416716357886,-0.9593974612911184,21,12,61
E352,***居装饰工程有限公司,D,795,0.0163522012578616,0.0153452685421994,16386539.76,20954.65442455243,50869.10932124381,294,-11086615.46,0.1929128364601436,110415.08958333332,0.6042542048338686,11.501597014648658,0.0463917295886924,0.8876847416612873,24,11,94
E353,***税务师事务所有限公司,A,314,0.0700636942675159,0.0171232876712328,3052541.8,10453.9102739726,23512.60383743445,229,2415742.92,8.587145630658144,136707.11800000002,0.7404230081266442,387.9747323919452,-0.2759795133521868,5.5199998187200014,20,12,130
E354,***广告有限公司,B,390,0.082051282051282,0.0195530726256983,2807086.32,7841.023240223463,6974.752473076569,122,1627012.14,3.757474347926161,71517.7170967742,1.0871666580611774,74.58166190021235,-0.1307547178165629,1.7085685107536526,31,3,77
E355,***地毯经营部,D,283,0.0600706713780918,0.0,1699625.48,6389.569473684211,30863.44027633512,154,689045.0800000003,2.3636620698363044,45935.97230769231,0.5092025679992809,3.2216631358727605,0.069149242033375,0.1667259885865443,26,0,109
E356,***建材装饰部,C,194,0.0103092783505154,0.0,1524011.32,7937.558958333334,2384.221281817652,72,1491754.72,93.49299182182872,55847.51925925927,0.664752785810743,22.913970926519767,0.0400551576066726,0.007154265575545,27,0,6
E357,***家居经营部,B,164,0.0609756097560976,0.0064935064935064,1392515.06,9042.305584415584,2291.165309476878,40,1267679.02,21.30950389006252,55420.71,0.509473207198878,2.0,0.0,-0.0037652899624878,24,8,20
E358,***五金经营部,C,303,0.1386138613861386,0.1302681992337164,1604785.2799999998,6148.602605363984,6205.088307425554,47,1603728.68,3036.640128714745,61702.191538461535,0.5646385850652775,13.825821354899665,-0.0027326937763502,-0.0006561561718643,26,3,27
E359,***厨房用品经营部,C,245,0.0775510204081633,0.0132743362831858,1191293.32,5271.209380530974,3511.892319613657,71,1190236.72,2253.956123414727,49615.20916666667,0.6359885353519908,22.164954087942352,-0.1976237061931395,-0.8036380834924036,24,0,37
E360,***建筑劳务有限公司,C,38,0.1578947368421053,0.0,2611167.37,81598.9803125,31706.2448747267,10,2609582.47,3294.056306391571,522074.98400000005,0.9010968554758566,3.4901960328911974,-0.1445256161891809,-0.8924017501843468,5,17,3
E361,***勘察设计工程有限公司,C,292,0.1061643835616438,0.0,8150384.23,31227.52578544061,35074.75867916377,88,1652495.0300000005,1.508625179389024,213106.0708695652,1.286780662576338,37.612394318687706,-0.023141725742844,-0.8797797434722047,23,9,42
E362,***建材有限公司,C,231,0.0606060606060605,0.0368663594470046,4619514.0200000005,21288.083041474656,36316.25617431751,130,3795761.74,10.215784483170111,247508.1105882353,1.822326251702557,26.126293422215447,-0.7040239520965776,0.8701732842391666,17,20,75
E363,***建筑工程设计有限公司,D,138,0.108695652173913,0.032520325203252,1274190.1999999995,10359.269918699183,21912.18577075425,93,871210.2600000002,5.323839345452282,97518.20272727271,0.5735764513589023,4.703362816205135,-0.2146875995276759,-0.3178975644495257,11,16,49
E364,***电子有限公司,B,475,0.0568421052631579,0.0245535714285714,2462352.1100000003,5496.321674107144,3708.130864727669,179,1595663.2500000002,4.682205514906468,61485.081212121215,0.813978508809036,24.748197017222807,-0.0650254884822965,-0.7637775427718785,33,4,80
E365,***信息技术有限公司,C,218,0.073394495412844,0.0049504950495049,5300750.96,26241.34138613861,37427.50123595689,134,1605432.52,1.868900770565256,143878.8225,2.310898253268358,21.56341093707489,-0.2138361111111111,-0.5521667989899993,24,12,51
E366,***房地产经纪有限公司,C,41,0.024390243902439,0.0,1791869.44,44796.736,44654.0590503734,36,1068572.56,3.954727414281118,95348.06666666668,0.3851519706669161,3.728546296296296,0.0,1.085288812402226,15,20,11
E367,***电子商务有限公司,B,240,0.0791666666666667,0.0452488687782805,2225381.35,10069.59886877828,15173.992213641282,49,1768516.5300000005,8.74196853239871,95092.80666666669,0.7712643942981405,3.909523017404936,0.3780339092233046,5.796116260194188,21,12,35
E368,***通信科技有限责任公司,D,119,0.1176470588235294,0.0095238095238095,1121892.0599999998,10684.686285714284,27740.809362469678,86,515488.12,2.700147660650094,54579.33933333333,1.9820926828865908,61.34405054405054,0.5400011700011701,-0.3751444325810651,15,17,43
E369,***网络技术有限公司,D,375,0.0613333333333333,0.0056818181818181,2054046.4,5835.359090909091,6102.004291793322,174,779833.6600000001,2.224024270860768,44279.37593749999,0.7879208537812625,37.04824915657044,-0.0413970737390706,-0.7926324484701277,32,5,50
E370,***设计服务部,C,502,0.0577689243027887,0.0190274841437632,2021950.47,4274.736723044397,3629.239323099746,174,2020350.19,2525.995863223936,72183.94035714286,0.7946675096753941,21.17856886638722,0.0287827052619971,-0.591711373820922,28,1,92
E371,***自动化科技有限公司,C,113,0.0619469026548672,0.0,1423374.38,13428.060188679246,28129.655644722538,66,1051072.02,6.64633552148313,68734.62222222221,1.3489436835618076,238.18326908365455,-0.1200000453199994,-0.9417000438161992,18,12,40
E372,***汽车维修有限责任公司,A,910,0.056043956043956,0.0244470314318975,2614065.46,3043.149545983702,4329.158563221058,510,1516498.7999999998,3.763383501463136,55818.43594594595,0.5009216875319498,8.113375205731954,0.0034210565258212,-0.410317380205107,37,0,204
E373,个体经营E373 ,B,993,0.0161127895266868,0.0020470829068577,21086783.28,21583.196806550663,38610.93814140444,477,-18445378.36,0.0668166072994939,37734.356,2.901794396443007,18.68895518895519,0.0459026559754201,-0.7351068498565643,35,1,123
E374,***建材经营部,C,252,0.1785714285714286,0.0,1315477.41,6354.963333333334,4205.201106681688,106,1221216.93,26.91153641483684,55145.52913043479,1.0540683781552518,3.868771875800758,-0.0688999944606331,2.9706509262453884,23,1,57
E375,***电器经营部,A,379,0.0527704485488126,0.0,986493.02,2747.8914206128134,2841.8555652260147,262,985436.42,1866.297028203672,31805.313548387105,0.6937689517418064,8.12775273810453,0.0502282158637968,-0.5654811961653143,31,0,230
E376,***建筑装饰设计有限责任公司,D,56,0.1428571428571429,0.0,572822.8,11933.808333333334,14391.132479120804,22,560115.7199999999,89.15805362050132,47205.77166666667,1.3986938329876863,117.39215945549068,-0.1419086039896612,23.780386807619237,12,12,15
E377,***文化传播有限公司,D,197,0.1573604060913705,0.0120481927710843,1025571.8100000002,6178.143433734941,12272.70986672886,125,533602.3300000001,3.169249726629384,33895.090000000004,1.3317651821883394,22.53846153846154,0.0893985084476991,0.0653692445805811,23,6,57
E378,***商贸有限公司,D,1054,0.0673624288425047,0.0132248219735503,2056588.4,2092.15503560529,7732.77884631894,503,-300725.16000000027,0.7448577354299865,27435.363125,1.9438968295184704,26.08832850663898,0.0322592337525826,-0.9756751523674576,32,5,137
E379,***药业有限公司,D,624,0.1602564102564102,0.0057251908396946,3554582.79,6783.554942748091,15263.04992992861,321,965947.07,1.7462981852077666,72911.77193548386,0.7321605783010153,1.7671216690830105,-0.0319083075599444,-0.097561085901236,31,6,146
E380,***建材有限公司,C,190,0.1157894736842105,0.0952380952380952,1227119.41,7304.282202380953,5456.786753577794,36,1226062.8100000003,2321.770035964415,81772.74066666668,1.1313734908033015,136.57868092691623,-0.3628509519765081,4.014839536031641,15,22,8
E381,***通信网络工程有限公司,B,1905,0.0309711286089239,0.0113759479956663,86200514.29,46695.83656013002,89041.7966886662,665,-83208527.71,0.0176613157401598,106856.66357142858,1.1894378854384722,4.931370628564845,-0.0417546483726287,0.2644653089187843,14,23,209
E382,***教育信息咨询有限公司***分公司,C,90,0.0,0.0,517152.64,5746.140444444444,2192.6399108534038,36,515754.16,738.5924718265545,25822.67,0.5685180510383379,8.650000686666987,0.0033309178675418,-0.6453726999525492,20,6,79
E383,***通讯器材经营部,D,139,0.1079136690647482,0.0564516129032258,1039594.0900000002,8383.823306451615,9304.688692189298,32,585050.5300000001,3.5742330614034,54154.820666666674,1.0080285385380026,65.80869061413674,-0.0952352975251968,-0.9996901170711402,15,6,17
E384,个体经营E384 ,A,279,0.057347670250896,0.0114068441064638,4540937.7700000005,17265.92307984791,26100.88224671223,169,-532990.3500000003,0.7899101692437849,250496.71375,0.7643433545013808,23.20689117241518,0.4869921573133366,-0.3038633599636344,8,23,82
E385,***装饰工程有限公司,D,59,0.3050847457627118,0.024390243902439,485499.11,11841.441707317072,27719.620907641296,41,458177.77,34.539919345098,47183.844000000005,0.9402101924057252,5.475670942005965,0.5043761739060504,3.2616479398479843,10,10,15
E386,个体经营E386 ,C,467,0.032119914346895,0.0088495575221238,4328728.19,9576.83227876106,29779.432567455424,229,3962534.07,22.64171325306916,318894.7023076924,0.821247509038546,2.095238064875284,-0.1384615384615384,-0.75,13,14,120
E387,***农副产品经营部,C,97,0.0824742268041237,0.0,826405.2000000001,9285.45168539326,1957.851343493932,34,823888.36,655.7006245927432,29469.527857142853,0.0622861637346609,0.3333333333333332,0.0,0.0033445714701061,28,1,9
E388,***商贸有限公司,B,646,0.0557275541795665,0.001639344262295,1124638.98,1843.6704590163931,2488.2965377002697,350,938371.82,11.075547616659858,29471.582857142854,0.6571024437586485,43.06944609509321,-0.1034160352478435,-0.0094699706643159,35,2,150
E389,***清洁服务有限公司,D,66,0.0151515151515151,0.0,464454.98,7145.461230769231,4152.546400599994,15,458781.8600000001,162.7388174408439,41965.31090909091,0.6424566545294118,4.852280418827213,-0.0004733757139926,0.0,11,6,4
E390,***建筑工程有限公司,C,30,0.0,0.0,800968.47,26698.949,36395.58949361152,24,787197.8099999999,115.32971404420702,158816.62799999997,0.449083215438658,1.8465391283894783,0.5134382211099828,1.502373925844922,5,13,15
E391,***五金店,C,353,0.0906515580736544,0.0093457943925233,1314590.62,4095.2978816199375,3554.2908540276894,163,1312911.38,1564.697124889831,34572.394736842114,0.6415637748953652,26.7866271338123,-0.0927573628309182,0.1574282809629912,38,0,104
E392,***科技有限公司,B,439,0.0751708428246014,0.0049261083743842,1098051.31,2704.559876847291,5454.20714721834,244,921022.47,11.40533813586532,31548.0278125,1.0921360155850366,13.26665121668598,0.1111102633747369,1.921384423935132,32,3,197
E393,***商贸有限责任公司,D,631,0.1014263074484944,0.0176366843033509,1267419.9500000002,2235.308553791888,4022.183591402133,371,520120.11,2.3919984513846546,24826.945277777773,0.2672903199851787,1.9253874666866173,-0.0649650963977058,-0.34354563345086,36,0,173
E394,***环保设计研究院（有限合伙）,D,630,0.1206349206349206,0.0072202166064981,1823503.01,3291.521678700361,13309.396555108937,347,320475.6300000001,1.4264401756939389,107198.932,0.9880810682552166,9.208339144970484,1.4489805098711872,2.8879826257851886,10,16,143
E395,***网络科技有限公司,C,276,0.1775362318840579,0.026431718061674,2132672.5900000003,9395.033436123347,18353.050768730856,161,1668928.69,8.197630804415972,67885.73714285715,1.282603767555484,12.835822830968311,0.199999072000037,1.6960785128315912,28,3,58
E396,***文化传播有限公司,D,281,0.0640569395017793,0.0114068441064638,1066796.9599999995,4056.262205323193,11888.57244647711,185,169463.73999999987,1.3777052631574251,41208.69,1.2643696983351898,7.945376127784771,-0.0673584425522723,-0.9601386769973156,15,17,110
E397,***大闸蟹经营部,D,202,0.2524752475247525,0.0,1034049.0599999998,6848.0070198675485,28910.130917413448,91,266380.86,1.693999985931422,46443.92571428572,0.6907435588064571,8.051257566751572,-0.3216938867599811,-0.9873932797983964,14,15,99
E398,***医疗管理咨询有限公司,D,163,0.0061349693251533,0.0,696591.39,4299.946851851852,4057.24135469031,90,541143.37,7.96237070115142,30943.369,1.7615297225774704,20.42854935717045,0.3333333333333332,-0.9833334019999848,20,13,44
E399,***装饰工程有限公司,D,71,0.0563380281690141,0.0,460323.25,6870.496268656716,17312.444689248554,58,423996.77,24.34367491703022,63165.71571428572,0.9197503439017104,7.598035921289744,-0.3168938263316549,-0.9858188530561496,7,18,22
E400,***办公用品经营部,D,150,0.0799999999999999,0.0,879101.44,6370.300289855072,4451.4255302953125,56,752194.5000000001,12.854268962753338,38840.37952380952,0.6243445381875259,9.43653320654221,-0.1207671723732814,-0.964341843577914,21,15,26
E401,***遮阳技术发展中心,D,105,0.3619047619047619,0.0,479387.21,7155.032985074628,12892.683902853236,51,148674.21000000002,1.899113188776976,18472.394705882358,1.823954242516694,25.84724745071121,0.5156194202919658,-0.5395713326836076,17,13,25
E402,***商贸有限公司,D,82,0.0365853658536585,0.0253164556962025,883846.28,11187.92759493671,13995.319035229126,29,56932.880000000005,1.1376997397792803,39199.13166666667,0.908076753452838,8.838927768364192,-0.1522066243482333,14.761374289885309,12,14,9
E403,***机械有限公司,B,180,0.0611111111111111,0.0,1287975.16,7621.154792899408,15310.421590643437,134,1107121.54,13.243288688387883,32366.171621621623,1.2198141103687303,12.358004858299594,0.0,0.0694016840387254,37,1,64
E404,个体经营E404 ,D,50,0.1999999999999999,0.0,1646639.57,41165.98925,47952.79657311303,26,13944.86999999988,1.0170820300941747,138382.03666666665,1.224796471009917,6.446807285649823,0.5064103196909846,11.614677805810537,6,29,17
E405,***职业技能服务有限公司,D,63,0.3333333333333333,0.0,677605.26,16133.458571428571,25541.51415685925,31,505260.74,6.863380396429199,39428.86666666667,1.8396231577649165,29.723953611383216,-0.36711032282208,-0.25,15,14,37
E406,***招投标代理有限公司,D,83,0.0843373493975904,0.0131578947368421,1023385.85,13465.603289473684,19960.944842001267,62,640147.03,4.340721224431283,69313.87,1.4437730764709178,2.6904552025111976,-0.1633949556819216,9.841982277410224,12,19,39
E407,***装饰工程有限公司,C,193,0.0725388601036269,0.0223463687150838,2237065.4999999995,12497.572625698322,30758.26913476054,136,1460823.7999999998,4.763837474848362,142226.51153846152,0.916757136225542,3.7999999588,0.093816572887289,0.6666665951388894,13,14,59
E408,***空调制冷有限责任公司,D,72,0.0972222222222222,0.0,582447.5599999999,8960.73169230769,14017.607157576367,59,461838.32,8.65842351713683,34809.52933333333,0.6455682941720366,9.000004577779913,-0.0914418194801447,-0.5724424309266196,15,19,22
E409,***塑胶有限公司,D,116,0.0948275862068965,0.0,263490.17,2509.4301904761905,2246.779835995619,90,169370.73,4.59905945041747,8324.248076923079,1.1843542241547862,16.95437579396026,-0.2888798421902718,-0.9665472142210876,26,2,46
E410,***网络科技有限公司,D,171,0.0058479532163743,0.0294117647058823,423746.51,2492.6265294117647,7727.694875259934,119,390185.15,24.25204640098018,15652.531923076922,1.1806110833269172,20.14225714285714,-0.0722755555555555,0.1999999999999999,26,6,51
E411,***机电设备有限公司,D,206,0.1456310679611651,0.0227272727272727,506058.68,2875.333409090909,8185.981360317111,155,14551.79999999996,1.0592130063367575,9640.934814814813,1.386189731474747,13.199998626666025,-0.4168334977465715,0.1500021458306508,27,8,66
E412,***汽车贸易有限公司,D,235,0.0638297872340425,0.0,386448.0200000001,1756.5819090909094,2315.091115220632,179,254657.54000000004,4.864581720925518,9713.720606060608,1.0021098755655142,18.633858634609066,-0.1292129867552869,-0.7216216467007526,33,3,107
E413,***石材工艺品有限公司,D,102,0.0686274509803921,0.0,311442.5799999999,3278.34294736842,4196.967785640484,64,262515.1599999999,11.730799212384378,40996.98142857143,1.3826031453120684,12.182441289935952,0.3627229765290857,-0.5470272584251962,7,25,17
E414,***物流有限责任公司***分公司,D,20,0.15,0.0,386892.09,22758.35823529412,31513.99392569221,13,367282.65,38.459779575551366,53869.62428571428,1.29023320605533,0.329160644743643,-0.2617974586480376,-0.731249814921868,7,7,10
E415,***广告设计服务部,D,210,0.0,0.0333333333333333,102471.61000000002,487.9600476190477,876.7156636119186,119,68185.89,4.977509587081736,3709.945652173913,0.776662847450606,12.26300194711742,0.0163810164993433,-0.6851060728288904,23,0,186
E416,***科技有限公司,D,33,0.0909090909090909,0.0,314876.0399999999,10495.867999999997,12630.708104511064,18,103952.77999999993,1.9856929008208948,26176.80125,0.5880066025103031,9.000006866669873,0.0,-0.3999999999999999,8,25,10
E417,***园林景观工程有限公司,D,134,0.0074626865671642,0.0,316706.31,2381.25045112782,11166.526106334491,123,6633.52999999997,1.0427869224767163,40417.48,0.9646376161167663,4.000001287500048,-0.6000001029999773,-0.5939909978506122,4,13,25
E418,***营销策划有限公司,D,94,0.0319148936170212,0.0,472123.47,5188.17,15804.37732466505,75,379537.61,9.198608513222212,47314.50444444444,1.7539881006677498,4.471699286579097,-0.0989364763577047,9.347899113336702,9,15,44
E419,***科技有限公司,B,1308,0.0198776758409785,0.0101404056162246,11832943.12,9230.064836193447,57424.118990864365,585,-11728792.18,0.0044203425033808,13018.8675,0.2815227379941449,0.0526317991690155,0.0,-0.4736841004154922,4,15,196
E420,***康药房,D,279,0.050179211469534,0.0,1947335.73,7348.436716981132,14898.69721503055,187,-1804075.19,0.03818844244341,2387.675666666667,0.8782681825098562,12.620481927710845,-0.0548197203826341,-0.134375,30,3,94
E421,***保温材料有限公司,D,48,0.0208333333333333,0.0,276094.56999999995,5874.352553191488,3850.381467896884,25,215306.95,8.083907874662636,49140.152,1.2472424913856175,8.52380710062364,1.3895488287336164,0.3690471519274487,5,26,11
E422,***童装店,D,33,0.0909090909090909,0.0,27907.7,930.2566666666668,1485.833268033598,20,26128.92,30.378472885910565,2078.3315384615385,1.5299380240481415,13.0934445741491,0.0810397433168679,0.0428628183811303,13,7,22
E423,***通风设备有限公司,D,28,0.0357142857142857,0.037037037037037,133832.53999999998,4956.76074074074,7060.204057575066,24,11740.259999999987,1.1923178107575678,12131.066666666666,0.847268583712553,2.840908319473201,-0.1757149667751599,-0.829289973375411,6,26,11
E424,***贸易有限公司,D,68,0.088235294117647,0.032258064516129,331226.32,5342.36,10662.343606393946,46,-177433.47999999998,0.3023491142803107,5915.109230769231,2.997211991262564,181.124691011236,0.4111104895225285,-0.1721346260568668,13,13,34
E425,***商贸有限公司,D,136,0.0735294117647058,0.0238095238095238,142322.46,1129.5433333333333,2459.0155560044755,96,27929.959999999985,1.488318027842734,28375.40333333333,0.7709973495568453,-0.3317190568723827,-0.5903764204982874,,3,13,30
