企业代号,企业名称,发票总数量,发票作废率,负数发票占比,金额总和,金额均值,金额标准差,活跃天数,净现金流,进销项比,月交易额平均,月交易额波动率,最大月增长,月增长率中位数,近3月增长率,活跃月数,最大断月数,合作企业数量
E124,个体经营E124 ,18704,0.12516039349871688,0.023406465807003604,1527305903.17,93338.99059891219,224123.7651101875,741,-43745167.50999999,0.9443109542058798,29671214.713200003,0.6567936968707693,3.652836544374053,0.11234562639322232,-0.366254097253024,25,0,1476
E125,个体经营E125 ,21883,0.12461728282228213,0.02286489872624765,1873594610.5099998,97807.19411724784,227001.02434027367,963,8828118.470000029,1.0094683366605781,26891753.271142855,0.7069819873543672,3.652836544374053,0.11234562639322232,-0.15573407448860613,35,1,1874
E126,个体经营E126 ,2049,0.1317715959004392,0.01967397414277684,633464563.01,356079.0123721192,383442.7214441946,528,407917632.63,4.617141957487456,14463641.606111113,0.6850879194237667,5.976136034345965,0.07052268943373252,0.07661962795692735,36,0,221
E127,个体经营E127 ,5476,0.027027027027026973,0.0011261261261261261,653584656.99,122669.79297860361,212909.75817637693,694,650291252.0699999,395.9051318414864,18109387.625833333,0.8056104265159955,8.57912434900939,-0.12553205372083276,-0.7651728799401345,36,0,323
E128,个体经营E128 ,4477,0.04065222247040434,0.0034924330616996507,251318184.71999997,58514.12915483119,175887.23481734883,830,233462118.85999998,27.149334426794056,7345156.114848485,1.3428956509461232,346.1349229574475,-0.11319764107144387,-0.9081485994911613,33,3,541
E129,个体经营E129 ,12143,0.08515193938894838,0.010351966873706004,400932182.08,36090.75363038977,58360.081711715146,992,248679883.16000003,4.266681487557272,9022389.795000002,0.5765566724460102,29.771359529711194,0.09382663217514575,0.3850338745902795,36,0,2172
E130,个体经营E130 ,4633,0.04079430174832721,0.008775877587758775,182481826.12,41062.51712871287,60174.32179141165,679,37591519.64,1.5188962678492086,5001666.949090909,1.4616689423561853,74.19547173083073,1.5870211096341502,0.5711866911992453,22,8,534
E131,个体经营E131 ,10413,0.07577067127628923,0.017871986699916874,320432051.92999995,33295.10099023275,98744.52770081727,1007,97736011.64999998,1.8777525772538624,5807889.771944445,0.38647984491639126,1.6036023778289787,0.00548842493209456,-0.3945000144859081,36,0,1736
E132,个体经营E132 ,6957,0.03564754923099034,0.002682963183782978,267420033.57999998,39859.894705619314,94253.9166967534,843,139296490.12000003,3.174408954955078,5981125.3485294115,0.6805472502563357,4.760887968906846,0.17557138145277817,0.3850291669712438,34,0,781
E133,个体经营E133 ,1815,0.04187327823691456,0.002875215641173088,152763662.26000002,87845.69422656701,246407.1638190201,675,74546366.5,2.9061351015953356,5682750.719000001,1.239795229523341,25.762867026618093,-0.34326838925130554,-0.7490336771285077,20,16,292
E134,***工程咨询有限公司,4765,0.05582371458551938,0.014447655034452101,126744215.48,28171.641582573906,39649.15494895086,737,118886724.48,31.260734496546032,3319337.0264864867,0.7982611023993993,4.334545597421847,0.06109394651022937,0.6663150415776725,37,0,2345
E135,***建设工程有限公司,3304,0.02723970944309928,0.005911636589919104,160102837.97000003,49814.199741754834,181277.87056118363,680,110972279.06999998,5.517444195815977,3872501.6720000003,0.8076243206898334,26.98817917750041,0.0376739649797172,0.12736549073244563,35,2,444
E136,***机械有限责任公司,2643,0.027620128641695052,0.0019455252918287938,231172190.62,89950.26872373541,13944.05111312408,85,2132180.100000009,1.0186184072831574,4166149.477142858,0.9552612327506528,43.18348973640046,-0.07633797151126431,-0.5723928369530225,28,2,20
E137,***建设工程有限公司,3535,0.046110325318246104,0.012752075919335706,246532957.45000005,73111.79046559907,197378.1776157076,880,39995788.390000015,1.3872986985541673,4775479.0973333325,1.0703365155037883,31.215337635824255,0.05403924327297083,1.0498469545481781,30,7,705
E138,个体经营E138 ,2012,0.030318091451292273,0.018964633521271142,128617403.75999999,65923.83585853408,44706.11296773471,402,87046078.3,5.187794222907609,2995326.1397222225,0.6207763752934644,2.8881659741836265,0.013249277371073287,-0.8162493827205778,36,0,175
E139,个体经营E139 ,13294,0.047239356100496455,0.0026843518079898944,188924015.43,14915.838893889153,20136.639439301736,590,186503039.35000002,155.07259980032518,5214264.649722222,0.41122912609672013,1.0687667884525167,-0.04016402936811769,-0.7001107794931122,36,0,246
E140,***建筑工程有限公司,2919,0.058239122987324476,0.014186977082575483,189355555.37,68881.61344852674,198246.0073233828,720,175502510.73000002,26.337752860947976,4930514.406756756,0.8175194198954862,38.54743125454976,0.22473460468474848,-0.6835221837113853,37,0,584
E141,***食品有限公司,6153,0.0549325532260686,0.02527944969905417,198551977.35000002,34144.79404127257,35836.23038230584,755,120197959.05000001,4.068073894813893,4553570.5200000005,0.4300857840567941,1.095862197887655,0.0071158399598105215,-0.897758743748972,35,0,1400
E142,***运业有限公司,2203,0.060372219700408514,0.010144927536231883,146596330.5,70819.48333333334,91539.42321985445,520,47939028.78,1.9718293110439227,2628856.206486487,0.6261477576965319,1.823957715424482,-0.03549839607597399,-0.2951223065715149,37,0,171
E143,***电子科技有限公司,4864,0.038240131578947345,0.013681060282171868,123149076.7,26325.155344164174,63474.83820914821,852,57730652.180000015,2.764966142293762,2512218.456666666,1.1990774315675,88.12455728201459,0.029557887097528934,-0.5335055776429349,36,2,678
E144,***劳务有限公司,3838,0.04142782699322567,0.018755096493612396,112830503.04999998,30668.796697472135,51509.29556694165,704,95506108.43,12.025621445928484,3858085.397777778,0.997912780818871,22.803305795253713,-0.07677292600063146,1.6407858168635832,27,3,707
E145,***工贸有限公司,7259,0.06874225099876019,0.014497041420118343,230546482.84,34104.50929585799,76763.26661647797,895,4592957.280000001,1.0406539996985387,3177560.0016216207,0.40020710233867807,1.331530897282187,0.04396015144616372,0.007777454472165532,37,0,790
E146,***基础建设工程有限公司,4862,0.05676676264911562,0.00872219799389446,254130438.22000003,55414.39996075012,124798.51524384563,870,8090778.639999986,1.0657680851437632,3543529.957567568,0.661658745107573,11.272472215059219,-0.12052294887182924,-0.7831418309972626,37,0,451
E147,***装饰工程有限责任公司,8362,0.05321693374790715,0.010862700517872931,335275493.27,42348.805515978274,67423.67643443529,883,40064072.870000005,1.2714263073949832,5213049.529722221,0.7388585857266962,8.653249069699811,0.10838614583897033,-0.7434385366457339,36,1,894
E148,***商贸有限公司,827,0.055622732769044725,0.0038412291933418692,109438118.45000002,140125.63181818184,227978.94294928055,299,51698227.89000002,2.790728295069357,4739304.304117647,0.9557786417665998,16.36965979469619,0.19587414861926222,-0.852350427275865,17,3,323
E149,***建筑劳务有限公司,1519,0.057274522712310705,0.0223463687150838,101807426.61,71094.57165502793,45043.610841195645,244,100673785.91,178.6114529233116,3893869.4715384617,0.9029784159574348,7640.88204537149,-0.12121211998898074,-0.4437029029102197,26,7,121
E150,***建设工程有限公司,3843,0.04293520686963315,0.004622077215878194,197465812.49,53688.366636759114,136716.6816823508,835,31050937.790000007,1.3731750283257582,3173843.7538888888,0.8155054350657617,19.728960892316337,-0.04883942502641658,2.4361780345451147,36,1,600
E151,***路桥工程有限公司,949,0.02950474183350893,0.0010857763300760044,112711070.65000002,122379.01264929427,298187.7710316398,411,92131235.24999999,9.953544424364054,4453093.60652174,0.8752403872662121,20.462111190924908,-0.11112633891612828,6.414346708021989,23,4,179
E152,***运贸有限责任公司,2437,0.023799753795650358,0.013451029844472467,125914131.61999999,52927.335695670445,43100.98727783028,523,113309324.36000001,18.97874763536845,3232749.405135135,0.30660827467534074,0.5400865087863176,0.0452348535634719,0.2371859972518608,37,0,164
E153,个体经营E153 ,426,0.176056338028169,0.002849002849002849,241111684.12000003,686927.8749857551,404144.8975231417,107,240935851.4,2741.512134487824,8311164.405517243,1.069622829566456,96.970748246691,0.0,57.09805803421554,29,7,39
E154,***汽车销售服务有限公司,4619,0.0316085732842607,0.016990833892242343,197514646.33999997,44157.0861479991,100452.16527769597,792,-48598847.67999998,0.6050696214483008,2481929.977666667,0.6215517307411654,6.535130175759951,0.06880945324436416,-0.05580448468097871,30,0,610
E155,个体经营E155 ,1500,0.038000000000000034,0.011088011088011088,152840326.64,105918.45227997228,170364.81563579955,303,4351247.319999993,1.0586069674608578,3143831.4792,0.5921014295697042,2.8881659741836265,0.060548472041186185,-0.39250532055719783,25,0,107
E156,个体经营E156 ,1055,0.07488151658767772,0.039959016393442626,156009271.23000002,159845.56478483608,375311.3913669184,456,151725541.18999997,71.83804991128711,4525511.947352941,1.5180552738426265,28.79257935476522,-0.07233479450563218,-1.0021276829418264,34,2,187
E157,***环境设备工程有限公司,2552,0.06347962382445138,0.036401673640167366,115025525.35,48127.83487447698,60183.81364655492,571,19207526.169999987,1.4009168701992507,1974015.463529412,1.6314067981289384,88.88828804001123,0.2179650303684446,0.572237941430132,34,3,400
E158,***装饰工程有限公司,2160,0.09351851851851856,0.006639427987742594,141804725.54999998,72423.25104698671,140614.0909237639,451,16437313.230000004,1.2622262504396886,2825750.6925,1.5344082160326795,17.048681970105935,-0.014224501017048197,1.5810281047195693,28,1,316
E159,个体经营E159 ,4937,0.04699210046586999,0.003188097768331562,169400623.82000002,36004.383383634435,133460.64452877888,855,36942919.36000001,1.5578070299588522,2947764.902571428,0.6884029643698762,118.12845203858889,-0.1424618399337269,-0.8974615619801373,35,1,1123
E160,***钢结构工程有限公司,7761,0.09045226130653261,0.01799121688624451,372998051.49,52840.069626009354,55050.41469164009,726,72668885.66999996,1.4839282623223713,6022526.177837839,0.7624123686065535,13.969893165363562,0.005790192748717116,1.2195434059361099,37,0,492
E161,***建筑劳务有限责任公司,537,0.0986964618249534,0.006198347107438017,154779925.63000003,319793.2347727273,433672.30667880375,248,153020272.11000004,174.92091155536127,4663639.359696969,0.9371542931486182,40.15507547899997,-0.2755145487163503,3.1894414397291353,33,4,169
E162,***网络信息安全有限公司,10874,0.05361412543682176,0.026139345058789232,270479016.81999993,26283.064504907194,131921.5710058682,1042,3443301.5400000513,1.0257890712213502,3804476.643888889,2.0121623867922453,115.19665683333334,0.10806441616132068,1.0485057396180744,36,1,1386
E163,***物流有限公司,3725,0.05932885906040264,0.005422374429223744,205810877.05999997,58735.980896118715,146597.27582827664,797,55576415.979999974,1.7398624201195154,3630379.07,0.9024080586577314,367.90703633709114,-0.20535950705502037,-0.2845683724738849,36,1,291
E164,个体经营E164 ,5855,0.05175064047822375,0.010446685878962535,190439737.47,34301.10545208934,46454.58999187667,926,49219535.99000001,1.6970608379562555,3328601.0202777777,0.777396867235008,2.110072153869309,0.2058638767718004,-0.7920322659217367,36,0,590
E165,***文化传媒股份有限公司,6931,0.06319434425046888,0.024949946095795473,201144383.25,30978.651355305712,63041.86975146381,968,27295165.209999993,1.3140096402817274,3087020.9251351347,0.4984436118058969,2.853618228427449,-0.00294564591270291,-0.4051979458944859,37,0,1183
E166,***建筑工程有限公司,1743,0.102122776821572,0.16485623003194888,80546317.69,51467.2956485623,70647.37061084942,196,74691030.91000001,26.512339093321064,2587289.1433333326,1.576177384866029,101.91264749903542,-0.022415740896629677,-0.24306694160621975,30,7,124
E167,***体育文化股份有限公司,12277,0.04593956178219438,0.0160505421326731,258337536.03,22055.625034576966,42176.20642420235,1035,-19081886.590000004,0.8624329442417034,3233184.4518918917,0.37909155806611355,2.066240514059804,0.00274494727105995,-0.7768740025541803,37,0,3679
E168,***建材有限公司,876,0.0182648401826484,0.0,91571466.94,106478.44993023256,218581.96392579924,206,88848338.88,66.25461669253995,3110686.3072413793,0.6967656898793656,13.744289028475428,-0.15661873468016463,-0.2235207815044003,29,4,20
E169,***建筑设计有限公司,7526,0.0405261759234653,0.008032128514056224,190132739.67999998,26330.527583437193,62661.16821204386,989,39530146.61999999,1.5249597077555126,3103552.5175675675,0.8786634345778919,32.98919298413573,0.15330968596129702,1.340113401259511,37,0,1198
E170,***建筑劳务有限公司,2126,0.04374412041392284,0.03443187407771766,103957326.03,51134.93656173143,79960.62717875843,574,39568705.23,2.22905894670134,2657889.4677777775,0.7396818696043943,5.6230863801811,-0.013750697831151237,-0.8922332623042398,27,10,245
E171,***质量检验测试站,9431,0.06308981020040294,0.013693979176097782,149615807.22,16932.52684698959,37926.34816943228,838,59202728.919999994,2.309605425081517,2821872.11,0.6822993397048331,3.19377721690907,0.004444552176028016,-0.99959383662189,37,0,1785
E172,***物流有限公司,1744,0.0625,0.0030581039755351682,116169245.77,71051.5264648318,58216.30191847196,363,33637287.41,1.8151336301333343,2024412.6105405407,0.9335746363209687,5.169025354165777,0.06903995346451197,2.228870484019439,37,0,151
E173,***贸易有限责任公司,3851,0.04336535964684496,0.01004343105320304,212777555.17000002,57757.20824375679,84987.22606264112,722,895094.349999994,1.0084489706843682,2887468.236756757,0.33141977626178926,4.830648160461834,-0.0329378737557075,0.38110802566720303,37,0,554
E174,***工程技术有限公司,3648,0.049616228070175405,0.0031727718488606866,166782061.62,48105.58454571676,52945.95741759825,738,15518012.079999983,1.2051777950833773,2762122.328787879,0.7012436288172533,30.077677023935696,-0.02841425329887637,4.196948913180406,33,0,520
E175,***食品集团有限公司,8177,0.058212058212058215,0.01727048435268147,152366096.38,19785.235213608623,34206.054109144956,894,-4362448.400000006,0.944331156699967,2466727.466333334,1.3076058950712437,204.16500132023296,-0.30086376576563345,-0.9978983247380985,30,6,2433
E176,***科技有限公司,5396,0.05522609340252038,0.01647704982346018,87781306.49,17218.773340525695,31535.028977391747,959,79203745.11000001,19.467660352667743,2197171.7315789475,0.3836061603325686,2.420081287139489,-0.03329611031955537,-0.2426743800894128,38,0,1038
E177,***电力工程有限公司,4122,0.054827753517709854,0.005903490759753593,168629282.51999998,43282.670051334695,116661.90926696775,780,26805439.379999995,1.378010337141115,3908694.438,1.360783851262636,13963512.986995466,0.10084192730385744,-0.9308741818286995,25,9,849
E178,***贸易有限公司,1456,0.0714285714285714,0.019970414201183433,158651274.57000002,117345.61728550297,202486.68552719068,329,-1568545.8100000024,0.9804200777871325,2122739.577837838,0.6612256508035317,3.6484953954619783,0.20284243514699363,-0.11612072273934775,37,0,212
E179,***园林有限公司,2930,0.07235494880546078,0.010669610007358351,96705809.82,35579.768145695365,52453.96120211625,696,23988713.319999993,1.6597819350501706,2080940.0541379307,0.929932604901964,15.630242214423404,0.025567350663925015,-0.01884264327260683,29,8,396
E180,***电气有限公司,5784,0.03734439834024894,0.006645114942528735,137178794.73,24636.996179956896,86003.30165445739,994,10996668.209999993,1.1742983497469748,1949677.1439473687,0.6893386251786487,2.4544073035982787,0.055912540253838516,-0.8080752738167647,38,0,1088
E181,***食品有限公司,4619,0.03680450313920758,0.009440323668240054,163423550.07999998,36732.647804000895,42413.27256597124,920,-9468414.14,0.8904701651957436,2080474.81,0.4153464800288504,1.2359274048425561,0.14283241718641193,0.021308925394070387,37,0,560
E182,***新材料科技有限公司,2076,0.026493256262042353,0.0,150697086.89000002,74565.6045967343,127576.93076878546,567,4178876.049999997,1.0570424116707702,2092918.4181081085,0.49717016808218617,180.72907602617752,0.10978971243542879,-0.15253055241030433,37,0,194
E183,***建设工程有限公司,2489,0.061872237846524736,0.006423982869379015,90916662.75999999,38936.47227408993,55642.52283459193,639,39254753.519999996,2.519678776780724,1807936.3372222225,0.9676123456102966,34.336010452166995,0.2033043771407279,-0.45154351636716,36,1,458
E184,***建筑装饰工程有限公司,2681,0.027974636329727742,0.011128165771297006,90940257.94,34896.49191864927,65949.60353790822,692,15071060.319999993,1.3972906210366218,1766855.3043333334,1.39169878325425,30.91116426132678,-0.1912631533423238,7.473868271312482,30,5,500
E185,***生态魔芋有限公司,5547,0.006850549846764031,0.0018152114721365039,97033970.87,17613.717711018333,25131.030721914252,172,95624072.55000001,136.64676429999577,3210967.3903333335,0.8018555432774316,5.9912582421875005,0.04654108440280946,-0.09303766290322342,30,7,334
E186,***建筑劳务有限公司,2087,0.03497843794920941,0.005461767626613704,86487946.50999998,42943.36966732869,46709.774050361586,519,80622495.73,28.490639254840023,2695329.7135483874,1.0840392365101401,16.419996127200854,0.0,3.4000000000000004,31,5,226
E187,个体经营E187 ,4056,0.08530571992110458,0.010512129380053909,76993563.6,20752.982102425874,56611.2159162814,703,-70186745.46000001,0.046248157674577996,340340.907,1.0063408609428752,50.94277979624123,0.4332980958546322,-0.29357798770642207,10,12,3937
E188,***硬质合金有限公司,4719,0.03432930705657977,0.0021944261575597983,159010246.46,34893.62441518543,56538.83160082058,847,2416039.1599999964,1.0308573248226405,2181436.292162162,0.32674007060324234,1.595071097852499,-0.05157547104237942,0.28109577741668473,37,0,616
E189,***石油工程技术服务有限公司,4043,0.024734108335394467,0.006086735987826528,80008187.3,20291.196373319806,51461.23753234454,869,21411193.239999995,1.7307949352513252,1690323.0089999996,1.1938185786392326,68.0515874239899,-0.25363368730047087,-0.7892088850572005,30,6,853
E190,***劳务有限公司,529,0.11909262759924388,0.032188841201716736,121464605.35,260653.6595493562,384036.90444668324,183,118404182.22999999,78.37765504137218,3634375.5693939393,0.838178211567411,79.3147194796116,0.10764562145612555,55.976199378333206,33,4,82
E191,***商贸有限责任公司,4081,0.04239157069345745,0.00127942681678608,517013125.0,132296.09135107472,437175.0585413814,453,-4736252.49999997,0.9818447219901092,9486608.749999998,0.9855123458344887,701.2031308206291,0.6047465331154086,-0.837627416223045,27,1,244
E192,***建设工程有限公司,197,0.15736040609137059,0.030120481927710843,59429936.10000001,358011.6632530121,374407.3461222553,72,24807264.240000002,2.433006923342629,2477564.715882353,0.8476958422288583,13.2417245419972,0.40489713496915547,-0.31817361523065424,17,20,36
E193,个体经营E193 ,33927,0.06811683909570554,0.011797823886639676,139398171.84,4409.1020951417,14106.68648051051,816,105235487.61999999,7.160844208980016,3397689.714722222,0.4463812481368215,2.4661129411446305,0.011725548981438072,-0.6809187535430881,36,0,2826
E194,***文化传播有限公司,16590,0.047016274864376095,0.025426944971537004,99803224.27,6312.664406704617,16772.66021096854,923,78142304.95,8.215049721167606,2696144.382121213,0.657380704714757,34.24214046441934,-0.19750585379845564,-0.8303983791298295,33,0,4182
E195,***医药有限公司,7193,0.04170721534825528,0.018424488611634992,185447762.5,26903.781009720005,59025.05646271569,908,34359253.80000001,1.4548228597347987,2970365.085135135,0.4442327415387181,0.9430219913471349,0.022289071268844718,-0.20182671526782667,37,0,915
E196,***地质制图印刷厂,4348,0.059107635694572225,0.023221706184307016,114826589.32,28068.09809826448,32817.318982809345,811,30225816.92,1.7145517957469618,1908584.292631579,0.5599309775183691,3.1281178765560664,-0.08697666115974678,-0.9860045146104681,38,0,854
E197,***医疗设备有限公司,10828,0.039619504987070564,0.005385133185883258,282766613.42,27191.71203192615,58711.89549409031,869,80657547.16,1.7981586244749592,5344472.949705882,0.869305156892551,2.141442967457621,0.13851611966474442,1.1740940290077935,34,0,2068
E198,***商贸有限公司,1956,0.06083844580777098,0.029940119760479042,115345475.62,62790.133707131194,67478.79522262372,459,-532230.1799999997,0.9908139330801283,1739594.627878788,0.9690408067270576,31.485545984837607,-0.11470991078596626,1.701761773340206,33,4,255
E199,***建筑劳务有限公司,868,0.01497695852534564,0.10526315789473684,59735780.89,69866.41039766082,61431.26465489955,74,59415303.28999999,371.7922381470654,3971702.8060000003,1.3188842151128182,32.54567575879009,0.3948206252705745,4.750739673889645,15,10,28
E200,个体经营E200 ,1851,0.04646137223122637,0.010198300283286119,94632950.49000001,53616.40254390935,59354.38369167279,532,-306363.590000011,0.9935461174758045,1387155.6897058825,0.887177343730793,81.389283349973,0.10187847034391861,-0.21369784794166732,34,1,183
E201,***物流有限责任公司,1687,0.08298755186721996,0.01098901098901099,87260802.83000001,56406.46595345831,104517.10827099104,541,8835102.130000003,1.2253113979509527,1298593.3102702703,1.338210712765047,40.35852725712036,0.19252714811251936,1.5703629144212776,37,0,279
E202,个体经营E202 ,1510,0.0331125827814569,0.0013698630136986301,109656793.42,75107.39275342466,38035.45018572644,273,88882481.78,9.55696047313171,3102176.175,0.9910041467088357,7.252086541355851,-0.1304561584563506,-0.4954118460833567,32,3,114
E203,***建设工程有限公司,1844,0.06724511930585686,0.0029069767441860465,71045995.24000001,41305.811186046514,54357.25299555244,592,24247019.119999997,2.036220068482985,1443833.5509090908,1.381951112893706,34.89561382366139,-0.032862593165910836,1.3048045562571113,33,4,372
E204,***科技发展有限公司,6897,0.07670001449905761,0.012405778894472362,149501749.71,23477.033559987438,43503.81451840435,984,34681786.849999994,1.6041072647321355,2488966.7102702707,0.6618526370939563,16.535343780200986,-0.05763325763025007,2.296293894718746,37,0,1631
E205,个体经营E205 ,1159,0.04745470232959448,0.009057971014492754,98187879.22,88938.29639492753,93542.26149403349,206,50318554.20000001,3.102329798006415,2062589.3530555554,0.395996502207697,2.9696318239609827,0.05211710633206024,-0.7532772559822836,36,0,86
E206,***建设工程有限公司,4642,0.03705299439896592,0.0015659955257270694,168954999.83,37797.53911185683,89890.39013276876,923,23061239.03,1.3161374263511343,3310624.8079310344,0.8855038218318821,77.31521048358705,0.3362052707769647,0.7446310306905113,29,8,1204
E207,个体经营E207 ,4844,0.0315854665565648,0.004903005755702409,193131910.07000002,41170.73333404392,48374.400404572596,629,48740775.53,1.6751214426741357,3779260.7125000004,1.1891288858190143,32.25249314051424,-0.28783063782415896,-0.5863991688930764,32,3,285
E208,个体经营E208 ,2004,0.07185628742514971,0.01129032258064516,151416347.02,81406.63818279571,39550.85608913567,330,-308782.95999999344,0.9959297057772737,2158679.4865714284,0.6276522605206828,18.509653805825852,-0.08073257831325936,-0.6527175380644202,35,1,135
E209,***工程检测有限公司,9835,0.049211997966446375,0.008448294300074858,109691997.42,11730.50982996471,34878.55988394802,1004,21709972.92,1.4935092831377164,1877171.0048571427,0.6797440765990509,3.3859990472313237,0.049485746423334254,0.26707998846983,35,2,2178
E210,***建筑工程有限公司,1147,0.04707933740191805,0.0027447392497712718,59538273.21,54472.345114364136,47675.470822559866,352,47827712.230000004,9.168304201939266,2982388.4844444445,0.9270366922345052,2.2813259136362674,0.5163830889058365,0.6933722622804047,18,19,158
E211,个体经营E211 ,2054,0.08812074001947423,0.009610250934329953,70957654.57,37884.492562733576,76015.75973913382,466,27184233.410000004,2.2420428967905695,1363081.7775,0.5581949510073178,1.7190762620184827,0.037465040026236185,-0.02934073393300342,36,0,192
E212,***建电管理咨询有限公司,1819,0.10390324354040681,0.012269938650306749,77038408.88,47262.827533742326,39901.12304352313,340,76741746.66,518.367844547243,2023423.0992105259,0.976863449418036,10.78322463470161,0.007744020392761675,-0.9533644887966268,38,0,175
E213,***科技有限公司,3462,0.06094742923165797,0.012611504152568441,103102004.56,31713.935576745618,102410.82920166683,825,12292426.64,1.2707297384606102,1559384.2054054055,0.6180533327331504,5.054616800131802,0.0951468141147025,2.5187189773178646,37,0,857
E214,***建筑工程有限公司,1607,0.12570006222775354,0.011387900355871887,100442570.44,71489.37397864768,103650.0237501819,423,28062196.439999998,1.775408992498436,1736550.9037837838,1.000953130552767,24.43630785395566,0.15662038394711886,-0.7640777852714995,37,0,406
E215,***建筑工程有限公司,1009,0.08027750247770071,0.0,67719228.33,72973.3063900862,41055.714898835016,176,67286280.07,311.8282734292545,3552776.5368421054,1.0143899243644336,25.7571601673655,0.46068030724005327,-0.33169590033675483,19,9,77
E216,***建设工程有限公司,4219,0.04598246029864894,0.0052173913043478265,91613921.56,22761.222747826087,47316.55762221515,894,25037960.94,1.7521622131120518,1822685.6640625,0.9879845733344255,9.73902471538752,-0.12238312404668716,1.9598121971822948,32,2,602
E217,个体经营E217 ,963,0.754932502596054,0.0,55348003.84,234525.44,264096.34331579617,196,-50479530.620000005,0.046003842429496955,221294.23727272727,1.4666627930075815,14.13206619506736,-0.17656086583256037,-0.7768421258282553,11,6,257
E218,***建设工程有限公司,1336,0.1294910179640718,0.0034393809114359416,80130527.38999999,68899.85158211521,181252.32632104334,464,-1473418.9299999923,0.9638885373454328,2313444.3664705884,1.5241198772749383,16.399386735020826,-0.33356492112692326,-0.8963597098246014,17,18,341
E219,***品牌营销策划有限公司,5078,0.05671524222134694,0.015448851774530271,71320174.22,14889.389189979123,31972.68570017399,806,-34926.3200000003,0.9990210561057111,1229055.998275862,1.136140338111152,25.671241924091383,-0.29339372761888444,-0.23205493741569205,29,3,790
E220,***文化传播有限公司,7235,0.040635798203178974,0.008788359026076935,135477232.54,19518.402613456274,38325.09179068186,1025,25095429.659999996,1.454702297031371,2169900.8405405404,0.6987700539318575,7.4794185460223215,-0.22392460788692503,0.8530835445055747,37,0,1722
E221,***测绘服务有限公司,5188,0.020624518118735558,0.00492029128124385,79437680.30999999,15634.261033261166,52973.922442302595,834,12505756.510000002,1.373685852729068,1641847.0860714284,0.837480080236403,18.614505379062734,-0.29563525347245334,-0.26497754223199765,28,0,1269
E222,***数码科技有限公司,6004,0.10926049300466356,0.02281226626776365,114848583.05000001,21475.0529263276,43876.625790460144,970,10383017.770000003,1.198783546370908,1692318.9300000002,1.151819588307852,45.32316374334252,-0.20392890286967064,-0.8887299237463492,37,0,1003
E223,***科技有限公司,3153,0.05423406279733589,0.01374916163648558,69952148.55000001,23458.131639839037,52381.72931947397,474,-7181214.990000006,0.8137974370513233,1846203.9282352943,0.5902179649125656,6.629883291494124,0.07988782171610209,-0.46663812728637516,17,0,842
E224,***纸业有限公司,1886,0.028101802757158012,0.010365521003818877,194420565.66000003,106066.86615384617,125978.30273146257,387,-2527096.6599999964,0.9743373784666306,2593154.9864864866,0.5288791796819765,9.435022538967303,0.06003464033853523,-0.3339057081430537,37,0,146
E225,***物业服务有限责任公司***分公司,13204,0.05422599212359891,0.01185137732222934,112347672.21,8996.450369154387,18748.907057875098,1017,25025164.27000001,1.5731664117387696,1807537.3221052631,0.7036285665304786,7.64514352961273,-0.0801416255807933,-0.3579298485472236,38,0,1161
E226,***建设工程有限公司,1601,0.03935040599625239,0.022756827048114433,90781051.82,59025.39130039011,87812.87618390741,431,-1352829.1000000015,0.9706334068099299,1541865.9089655173,1.0400807079516001,164.7015131812488,-0.18450475326757493,-0.004794904977540159,29,8,254
E227,***安全技术有限公司,3684,0.059446254071661264,0.006926406926406926,106580833.05,30759.259177489177,45452.92009523636,716,5115405.649999991,1.1008305150055475,1692367.2530303032,0.7229209241168401,11.215099615148576,0.06366293618090813,1.7682677179384367,33,4,642
E228,***文化发展有限公司,3919,0.0665986220974738,0.03116457080371788,89669301.09,24513.204234554403,55189.10511154272,867,30261975.530000005,2.0187960910455773,1620692.9272972972,0.5257249733020689,12.671296249494167,-0.11905958658975452,1.0941930532043194,37,0,776
E229,***家贸易有限公司,2483,0.05638340716874746,0.0038412291933418692,111315817.52,47509.95199317115,49264.45315424267,684,-1767460.8800000027,0.9687405440484647,1480383.1978378377,0.2785860173446257,5.68556244579253,0.047432769852165046,0.24250196368242652,37,0,261
E230,***建筑劳务有限公司,760,0.11184210526315785,0.02962962962962963,49429487.480000004,73228.87034074074,46188.48788728654,161,49188472.58,409.17785605786196,1590612.2590322583,1.1280215123626323,1024.7017072830188,0.08462577864269238,0.7584554776904223,31,5,87
E231,***建筑科技有限公司,1103,0.04714415231187674,0.0,69106201.58,65752.80835394863,113779.71799074789,352,-2353872.1799999997,0.9341206339107478,1390673.5291666666,0.9153078487695889,11.069174118325284,0.10084844785127944,1.8972071841005842,24,13,141
E232,***投资发展有限责任公司,946,0.05391120507399583,0.053631284916201116,83100421.03,92849.63243575419,247103.25707165967,250,12841018.25,1.3655316652835345,5330079.96,1.9298530435752466,705.6339647398715,-0.8261763701217201,-0.9193106104146017,9,17,158
E233,***劳务有限公司,965,0.024870466321243567,0.0,20390018.59,21668.45758767269,40301.45102643744,378,19587319.209999997,49.80362361809722,2220963.2111111116,1.3861274465239162,119.08153853825803,-0.09598611539815155,-0.9268502788530716,9,15,197
E234,***机电设备商贸有限公司,1550,0.032903225806451664,0.00333555703802535,44386811.769999996,29610.94847898599,39537.83008414747,570,35283862.489999995,8.752182595924557,1373632.3148275863,0.6694319692486661,11.507249200426514,-0.07632856063139382,-0.34662773671930824,29,0,342
E235,个体经营E235 ,1626,0.05473554735547359,0.002602472348731295,54078823.56,35184.66074170462,62055.2337513947,567,25970361.52,2.8478678401573623,1143559.7868571428,0.6741976112386188,6.5081900560733175,0.09005169298096594,-0.02278255807322921,35,0,314
E236,个体经营E236 ,871,0.17910447761194026,0.019580419580419582,49627784.66,69409.48903496502,42991.17213376865,183,39666635.12,8.964268573765432,1785888.3956,0.965714768038415,106.56357618680772,0.2161623845228582,-0.8434906026894643,25,9,99
E237,个体经营E237 ,2232,0.04973118279569888,0.04903347477604903,36896618.97,17395.859957567183,40547.63219326607,597,2688816.929999996,1.1572048930156869,1522516.7653846154,0.8323934559532847,2.4807692181582843,0.5020990109795435,-0.75,13,4,360
E238,个体经营E238 ,15983,0.05749859225427012,0.038502389803505045,72417265.53999999,4807.306528146574,12705.816937733041,922,40441742.42,3.529543755592512,1567486.2216666667,0.4292836365817258,0.8746516816024739,0.038717371534645384,-0.43852969310083384,36,0,3021
E239,个体经营E239 ,727,0.07427785419532329,0.01188707280832095,52146623.64999999,77483.83900445764,86054.43575503778,183,393672.2700000033,1.0152135195965708,1094589.4983333333,0.9766300856030354,62.32832255319149,-0.14206607219956124,0.2569362749963798,24,0,80
E240,个体经营E240 ,1246,0.1131621187800963,0.0009049773755656109,47037597.32,42567.96137556561,143428.28455408185,505,-13003642.280000005,0.5668429777056101,2836162.92,1.1740326102131697,17.818158493363363,2.5,-0.07004714215013311,6,15,1128
E241,个体经营E241 ,1221,0.06961506961506958,0.00528169014084507,43881072.690000005,38627.70483274648,36460.7516748789,405,31916535.75,6.335189470358222,1052744.5616666665,0.4607832478951211,2.243178516152806,0.10884638393147239,-0.7306212655016339,36,0,149
E242,个体经营E242 ,776,0.32860824742268047,0.0,20124313.29,38626.321094049905,58028.356134942274,307,-17086874.770000003,0.08162702343989603,138065.38727272727,0.9305669404122013,6.152668557445842,0.024198348097944744,1.5913204882006502,11,13,548
E243,***科技有限公司,1408,0.035511363636363646,0.0014727540500736377,36679797.2,27010.15994108984,33594.04061126118,391,27502269.62,6.99339405526472,943853.9238235294,0.8657521493721901,123.64060310286875,-0.09722659937449551,-0.6022814090389564,34,0,166
E244,个体经营E244 ,1687,0.08239478363959696,0.012919896640826873,48682701.47,31448.773559431524,44944.31814630727,611,21041689.11,2.5224977172290517,1056430.1603030304,0.9331465466982016,27.348742124500774,-0.041350761912563816,0.7093439709032503,33,1,173
E245,***建筑劳务有限公司,618,0.07281553398058249,0.031413612565445025,25303355.44,44159.43357766143,52699.18867521558,251,25037865.34,189.61618824958072,1144118.654090909,1.0587163986562242,19.56953667235982,-0.14125000055121084,,22,7,102
E246,***物业服务有限公司,2197,0.0682749203459263,0.012212994626282364,37902360.06,18516.052789447975,40475.19737592077,664,24853142.86,4.809139273120536,848047.3367567566,0.4160896162875693,4.439362795425371,0.06626655880142263,0.14117926970099573,37,0,541
E247,***石化有限公司,1302,0.04147465437788023,0.005608974358974359,33996384.94,27240.693060897433,35080.177785478976,532,9428632.659999996,1.7675616843202715,603125.2444444444,0.9778709306674216,10.794021509346505,0.24091133910488916,0.9884433695682483,36,0,196
E248,***智能科技有限公司,1916,0.050626304801670186,0.008246289169873557,34653389.519999996,19050.79137987905,40383.18109988641,640,7084164.680000002,1.513918307178636,579688.2527777777,1.57385669342945,146.11646391231685,-0.017327997518514326,-0.7841258558544163,36,1,390
E249,***建筑工程有限公司,1191,0.08480268681780012,0.0009174311926605505,79116028.83,72583.51268807339,132171.9273473399,313,24523614.569999997,1.8984257209510704,4710892.881818182,0.7426370561267405,16.83154800709805,-0.08402825634383942,-0.01146821449495866,11,21,109
E250,***塑料厂,1217,0.10682004930156119,0.028518859245630176,41077158.78,37789.47449862005,44589.52675661781,490,23810732.600000005,3.758038328462017,853788.0444736843,0.3924525823648179,1.5451175592638018,0.021439525959387806,-0.824527738926841,38,0,231
E251,***医疗器械有限责任公司,1772,0.08069977426636565,0.022713321055862493,21998443.130000003,13504.262203806018,29049.418982531613,538,3721310.630000001,1.4072094602367193,559125.0817391304,1.4700886027813316,20.02383915904643,-0.10342173638048469,-0.3246381558136347,23,14,492
E252,***印务有限公司,1499,0.05136757838559036,0.009845288326300985,65521638.22,46077.101420534455,79817.19086843896,535,13045129.780000001,1.497179792169877,1061713.0810810812,1.2403200697797527,10.792185322943032,0.0039987783482669514,-0.543558120792363,37,0,152
E253,***钢结构工程有限公司,1618,0.06427688504326334,0.005284015852047556,42109202.04000001,27813.211387054165,38086.21237836151,587,5341869.119999997,1.2905769168312031,659042.655,0.9322345016871109,479.000473000473,0.28160021674505376,-0.15981255690987006,36,1,433
E254,***设备安装工程有限公司,730,0.05205479452054795,0.002890173410404624,40421832.900000006,58413.05332369943,50479.84052455177,315,33978884.54,11.54761970496377,1127283.5975757577,0.8497152263311228,4.90156751767814,0.5604472217016105,2.9190729671251328,33,4,62
E255,个体经营E255 ,2016,0.04265873015873012,0.01917098445595855,49874622.4,25841.773264248703,52524.481172006526,650,27338341.280000005,3.4261626072580698,1135484.76,0.9829735173202345,1346.9224390893585,-0.013292932889436893,19.545690142469155,34,2,332
E256,***物资有限公司,1199,0.030859049207673017,0.00946643717728055,40185001.489999995,34582.617461273665,29697.030255440957,352,19667720.689999998,2.9171858962908965,808820.5699999998,0.2680608357597713,1.0959998672441622,-0.11226315981421076,-0.152042591489152,37,0,266
E257,***门窗安装有限公司,713,0.08274894810659184,0.019877675840978593,38882853.44,59453.904342507645,56992.17305672919,284,8704456.34,1.5768667110553727,793121.8296666666,0.8782877149809862,33.90925615381921,-0.03241593158287304,-0.9004201591968809,30,0,140
E258,***国际货运有限公司,4813,0.04155412424683147,0.016258400173422935,83244012.8,18045.526295252548,30037.190461228744,844,52848944.27999999,4.477468342946837,1790696.8036842104,0.833603238242904,4.544492106795562,-0.0796831854072384,-0.32080929520255935,38,0,445
E259,***文化传媒有限公司,3280,0.07682926829268288,0.012549537648612946,50198402.36,16578.07211360634,27233.746963152273,803,13252843.86,1.7174255525193913,857449.2732432431,0.5459088057442432,27.662733650863068,-0.04096105442414821,0.9134068341914501,37,0,747
E260,***广告有限公司,2953,0.06942092786996279,0.012008733624454149,40005048.3,14557.877838427947,26020.890212612154,726,4332118.02,1.2428798523696718,599150.8962162163,0.9671181408512485,5.317768786867441,0.05156259993138501,-0.7579573574751408,37,0,568
E261,***医疗器械有限公司,2934,0.07805044308111797,0.012199630314232901,24584052.76,9088.374402957486,17345.628810712573,804,7351346.000000002,1.8531852949605931,431559.4427027027,0.6436142244999921,1.3406946445668968,0.07968904722321091,0.15203239694241877,37,0,601
E262,个体经营E262 ,1021,0.044074436826640584,0.009221311475409836,40943291.42,41950.09366803279,41788.98910835427,241,8104635.179999996,1.4936033387461165,817465.4433333334,1.0705570640927926,41.723547347512465,0.39887800601231826,3.3691879275939622,30,6,244
E263,***通信工程有限公司,992,0.09879032258064513,0.021252796420581657,40583746.309999995,45395.68938478747,78380.09899561158,385,11879371.470000003,1.8277045945934285,728654.4136111111,1.066394453692977,44.317433501660766,-0.2055967273480559,0.058084688240888055,36,1,165
E264,个体经营E264 ,2033,0.24938514510575505,0.007208387942332897,24720479.21,16199.527660550459,48932.006297332606,570,-22374407.810000002,0.04981584092140794,90233.51538461537,0.7487996285393822,21.349809456952315,0.0044717515059705115,-0.9752060568652753,13,9,1625
E265,***净化工程有限公司,2510,0.05617529880478089,0.012241452089489235,45325232.54,19132.643537357533,39318.065342109905,722,2299500.719999999,1.1068895576079942,744136.4571875001,0.9670736635158532,49.02127115888632,-0.28832478507601034,-0.8387151076188805,32,1,548
E266,***煤矿机械有限公司,779,0.051347881899871606,0.014884979702300407,27513077.240000002,37230.1451150203,40535.84078158664,290,25066117.740000002,21.487562413681143,938914.1960714285,0.6891817439874748,73.6092874245439,-0.07398942704441758,-0.3329734219237146,28,6,99
E267,***林园艺场,419,0.06682577565632464,0.01278772378516624,18526473.74,47382.28578005115,47950.75099179613,159,16459810.359999998,16.928874067531982,1249510.1464285713,0.9004162783429601,4.088012787523046,-0.019352144468876786,2.96977622431081,14,4,53
E268,***建筑劳务有限公司,407,0.05651105651105648,0.0234375,31445402.949999996,81889.07018229166,83858.17691712579,75,19737628.929999996,4.371713341286373,1279575.7970000003,0.7054663958418215,4.192967871451305,0.3712066322926799,1.86761905970326,20,17,31
E269,***节能服务有限公司,393,0.07633587786259544,0.024793388429752067,30996291.82,85389.23366391184,191509.92506058526,202,29125089.080000002,32.129805934337185,858876.87,1.7743787214559592,86.22280126725576,-0.11636166307552198,-0.18055420688021784,35,1,90
E270,个体经营E270 ,976,0.09528688524590168,0.015855039637599093,25905803.900000002,29338.396262740658,37954.573491576004,403,14182512.500000002,3.4195444804860857,607398.7333333333,0.7221953305320994,177.16556122190414,0.02372364499730384,0.04668643231763282,33,2,130
E271,***科技有限公司,2255,0.07849223946784922,0.011068334937439845,56328156.879999995,27106.908989412896,101025.53219643551,764,4080245.860000003,1.156187904180059,816329.7667567567,1.2821931257920716,55.245524769283634,-0.12786853007493593,2.9481111356378817,37,0,609
E272,个体经营E272 ,1801,0.05052748473070512,0.027485380116959064,18275930.21,10687.678485380118,25516.47046176864,619,9419364.79,3.12709201441206,384656.87500000006,1.017654943990313,10.50881209339268,0.12013775157903406,-0.6726716292605344,36,0,358
E273,个体经营E273 ,9592,0.01782735613010844,0.0032905211760959558,32974600.860000003,3500.1168517142555,9861.632126412771,776,13034855.7,2.3074245027111466,657277.9508571429,0.5039925646862535,6.037642000863043,-0.1865459618694057,-0.8751447853442791,35,0,5458
E274,***建筑劳务有限公司,166,0.10843373493975905,0.013513513513513514,11769260.030000001,79522.02722972973,34323.285382081245,45,11698121.89,329.88467114827574,782246.0639999999,1.0778528440104693,9.89504931286913,-0.09618784355334026,2.0985914058492776,15,6,26
E275,***网络工程有限公司,820,0.12073170731707317,0.04160887656033287,22237161.16,30842.109791955616,45212.57513378504,317,19036570.900000002,12.89566258318864,606966.6479411767,0.9473680973817469,26.808724855928396,0.045611680243655806,-0.08794099537571412,34,4,145
E276,***体育设施工程有限公司,1252,0.048722044728434555,0.007556675062972292,16226857.98,13624.56589420655,32748.037180319934,557,8138820.719999998,3.012557672119329,507618.30624999997,1.3529926033341935,214.63198614001152,-0.42181694836203276,-0.7519437361985881,24,13,268
E277,***消防设备制造有限公司,605,0.05289256198347103,0.005235602094240838,30626698.839999996,53449.73619546247,38794.32300079742,247,5589057.720000001,1.4464524188371304,603595.9426666666,0.3222503382572183,2.142084827656991,0.045999570548772795,-0.6431533344301716,30,0,117
E278,***贸易有限公司,643,0.04976671850699843,0.006546644844517185,24058523.06,39375.6514893617,38414.952711189406,296,1977208.9399999976,1.1790843542422282,361607.3888888889,1.103736783946561,128.98373626964118,0.18678400854553812,4.987849466534709,36,1,137
E279,***环保包装有限公司,1145,0.0393013100436681,0.03363636363636364,39635786.44,36032.53312727273,41936.29704681417,367,6250652.859999998,1.3744572622434896,791145.5051724139,0.609375535776434,17.79282704422958,-0.03324937666574568,2.04247388665412,29,1,98
E280,个体经营E280 ,1143,0.04374453193350836,0.0036596523330283625,29306799.61,26813.174391582797,31492.014285847177,516,4854306.8100000005,1.397039831456366,474459.81138888904,0.5392713001340135,5.589777534984309,0.046181452862967154,-0.8786692738498165,36,0,231
E281,***商业管理有限责任公司,1643,0.054777845404747394,0.0019317450096587251,35962495.42,23156.790354153254,61928.88174566538,547,-3296275.0600000024,0.8320744628678955,494942.73272727267,0.6104308872286555,14.327384008278628,0.3231098893740759,0.4508196504154828,33,0,232
E282,***影城有限公司***分公司,3506,0.22675413576725612,0.01364810033198082,33048787.520000003,12190.62616008853,26912.897464462683,630,9094419.460000003,1.7593119916351492,554515.8813157894,0.5131651134424606,4.538542997141851,-0.04401541070986159,-0.9992952652355372,38,0,686
E283,***机械铸造有限责任公司,908,0.03854625550660795,0.0,34843670.59,39912.56654066438,34259.38526155108,396,4447259.870000001,1.2926174350627408,530958.5197297296,0.5211658769879808,3.8867135162646838,0.06484889828528573,0.04712006149097136,37,0,127
E284,***成焊科技有限公司,1524,0.05774278215223094,0.004874651810584958,26744741.12,18624.471532033425,25997.63123423057,594,5310688.640000001,1.4955375232896697,433181.48324324324,0.49832966826389247,4.302935289842986,-0.05757410271653085,-0.6698226795671605,37,0,249
E285,个体经营E285 ,1336,0.1107784431137725,0.009259259259259259,46295314.86,38969.12025252525,52631.22343670478,506,14138126.78,1.879313623120744,839353.3561111111,1.3907322476981936,60.71686268656717,0.032191206326720456,325.10654985074626,36,0,281
E286,***印务有限公司,563,0.13143872113676736,0.010224948875255624,23421080.22,47895.869570552146,42339.700877049254,234,834642.8399999999,1.073906550728453,527298.3273913043,1.001417426624505,7.393604949733476,0.11132525616455391,-0.6313815916700893,23,1,116
E287,***鞋材有限公司,771,0.10635538261997401,0.005805515239477504,29322238.01,42557.67490566038,34657.41054089943,362,764580.25,1.0535464257205944,406578.6251351351,0.45471657613870253,3.3618791908208037,0.09133873894307476,-0.2037751337313785,37,0,120
E288,个体经营E288 ,890,0.0842696629213483,0.006134969325153374,29199901.67,35828.100208588956,38692.17365701098,408,2827571.389999997,1.2144347018241572,485264.74333333335,0.8295100711430548,31.883769851086605,0.1001817655628604,-0.3036094243961165,33,1,166
E289,***运业有限公司***分公司,5014,0.027921818907060247,0.006770619614279852,28287982.72,5803.853656134592,14549.7500699081,892,13815222.32,2.9091343929109748,568962.2302702704,0.20728794407082174,0.5980610952721994,-0.02125787610997787,-0.2265812540330706,37,0,576
E290,***机电有限公司,1996,0.07464929859719438,0.01353546291283162,22201037.339999996,12020.052701678394,22964.10163255646,691,11587499.3,3.1835318734109896,456601.8464864864,0.8332686538546613,15.11447682177614,0.025919444354542465,-0.767752153122989,37,0,332
E291,***文业建设工程有限公司,555,0.0972972972972973,0.021956087824351298,28040831.950000003,55969.72445109781,181196.30771907,188,-5593880.510000002,0.6673745603353969,1402934.465,1.4919668085334563,23424.0,1.4035962645171707,-0.9686889569978807,8,19,149
E292,***物流有限公司,1652,0.03087167070217922,0.0012492192379762648,18440373.1,11518.034415990007,14362.184132596876,311,4769600.639999997,1.697780707557764,351666.2687878788,0.7413729234297836,2.5486831039486804,0.00956457184454479,-0.07939442537311166,33,2,103
E293,***物资有限公司,176,0.07386363636363635,0.0,15207625.63,93298.31674846627,136201.94569052165,84,184745.8700000001,1.0245952670794725,208005.02027027024,1.7081829527147434,96.99553261072593,-0.16004474877935787,72.82909152082118,37,0,30
E294,个体经营E294 ,1226,0.05791190864600326,0.004329004329004329,26730824.150000002,23143.570692640693,36105.96066775976,547,18551815.629999995,5.536446094813457,628925.5525,0.6474090418876893,11.253677674627562,-0.08101460476507005,4.503470003607415,36,0,282
E295,***电器设备制造有限公司,1105,0.07330316742081444,0.00390625,24853054.089999996,24270.56063476562,48093.82511591152,551,2497858.750000002,1.2234700893470254,414407.7703030303,0.9362978397609576,27.9720146029371,-0.0386721990491638,0.22275291098094013,33,4,275
E296,***装饰设计工程有限公司,1796,0.0729398663697105,0.02822822822822823,17813206.05,10698.622252252253,30638.275219504074,547,6929328.2700000005,2.273319750564123,618563.358,1.1711213156167448,15.14979272242466,-0.055921252571223934,4.8129520629630544,20,14,405
E297,***建筑机械租赁有限公司,233,0.09012875536480691,0.0,23942967.89,112938.52778301887,102783.83071810905,38,3349032.1899999976,1.325244502924227,974714.2885714285,0.7047207394616418,10.910313638920226,-0.2566454885367998,-0.2324309574917179,14,10,13
E298,***电器维护服务有限公司,3722,0.10317033852767332,0.011683642899940084,21700215.07,6500.963172558419,4131.548254342183,487,10756411.27,2.9657536751526923,427060.8728947369,0.559389035140653,652.8137345224058,-0.019513715933707543,-0.2967365183950035,38,0,333
E299,***压缩天然气有限责任公司,1137,0.0633245382585752,0.011267605633802818,43871941.72,41194.3114741784,99289.48697056288,402,-4506529.740000002,0.8136968943416881,517965.9471052631,0.7940909251868523,13.481504811225417,-0.02861716594586694,-0.8541692875614398,38,0,388
E300,***建设工程有限公司,1017,0.046214355948869246,0.006185567010309278,33283395.74,34312.77911340206,42481.08682278495,320,3794475.839999998,1.2573492588312805,975733.4626315789,1.2574924469804696,9.883038076115284,0.141828805259975,0.7086021616454719,19,14,257
E301,***企业管理咨询有限公司,3487,0.025236593059936863,0.00441306266548985,19332762.439999998,5687.779476316563,17614.56199789347,866,11493680.16,3.932404521208827,453330.0382352941,1.125248104275534,16.64823522335928,-0.11513757887653908,3.8137612358274215,34,0,910
E302,***机电设备有限公司,1244,0.067524115755627,0.007758620689655172,12481253.09,10759.700939655173,28790.57993039487,586,6243708.849999999,3.001976614437607,260068.91583333336,0.8535981405340605,8.575938152535997,0.1381070812395706,-0.5922533438041021,36,1,271
E303,***图书发行有限公司,1053,0.05318138651471982,0.0020060180541624875,18524466.22,18580.206840521565,36666.78957444567,506,14170625.400000002,7.509482540062179,495380.1760606061,0.4727572351921653,1.4706805503338591,0.18964207309143177,-0.8628436510614105,33,5,160
E304,***环保科技有限公司,1636,0.05929095354523228,0.000649772579597141,26190834.009999998,17018.08577647823,40718.496912179166,577,-7433607.3100000005,0.5578450068951212,253476.03648648647,0.6559407572958275,1.3713888285530573,0.04688754199787515,0.007615567591233489,37,0,345
E305,***劳务有限公司,949,0.05584826132771337,0.002232142857142857,67249844.07999998,75055.62955357142,173589.53662354493,358,28424368.4,2.4642122422027204,1839888.701538461,0.9418467109991835,47.20881708486363,-0.2613572076756381,-0.8023582143927169,26,11,169
E306,个体经营E306 ,1633,0.0483772198407838,0.007722007722007722,16156855.510000002,10396.946917631918,25193.514391304274,634,8942713.69,3.4792176015192338,369111.31176470587,1.0089090670210303,23.36782492363791,-0.061794012709621704,1.0907127384930908,34,2,407
E307,***通信工程有限公司,576,0.04513888888888884,0.0,9215176.6,16754.866545454544,33803.17704703502,312,3057154.339999999,1.9929013605092096,438297.5335714286,1.845769922112916,110.11112187654417,0.2288995112781287,0.6634168970926647,14,17,121
E308,***餐饮文化服务有限公司,2529,0.16963226571767498,0.009523809523809525,20155705.82,9597.955152380953,14067.427489686408,457,3721957.3000000026,1.4529651035453477,322671.12324324326,0.484729634618493,4.064547686990965,0.048512532941272224,-0.5102713665210389,37,0,1779
E309,个体经营E309 ,1197,0.07602339181286555,0.014466546112115732,19106228.11,17275.0706238698,31295.290739784523,477,6360384.710000001,1.998032772001577,385857.77,0.993184216033308,114.0842307197116,-0.08209885767020186,-0.8090040184690297,33,3,236
E310,***律师事务所,2859,0.02868135711787334,0.014043932301044292,14787482.13,5324.984562477494,14863.76546382312,788,7435542.449999999,3.0227430511236184,358435.88032258063,0.5628022083419814,4.309883005284659,0.1403795745271822,-0.593644618016431,31,0,938
E311,***律师事务所,3011,0.02856193955496511,0.013675213675213675,12668281.74,4331.036492307692,14900.59987132757,745,8674577.18,5.344125635572802,410439.59461538465,0.689016559610268,7.343311469733887,-0.25066320095396166,1.0770101404171863,26,0,482
E312,***家居用品有限公司,5335,0.044236176194939136,0.00902137674053736,85925419.14999999,16851.425603059422,51873.105190611175,907,-61422176.70999999,0.1662955021219442,331124.8978378378,0.544572194425514,32.03590635897659,0.022139716066740922,-0.17045837165090263,37,0,1100
E313,***物流有限公司,628,0.03821656050955413,0.02152317880794702,20297928.16,33605.84132450331,40361.13619736559,282,6147165.199999999,1.8688104263178187,357366.1264864865,0.6429518914007448,10.086841023892859,0.1952696121134061,1.0816949792158168,37,1,92
E314,***房地产营销策划有限公司,1376,0.02107558139534882,0.030438010393466965,10377324.31,7704.026956198961,23786.51793982422,536,4433560.77,2.491836187682527,238885.24322580645,1.0101553995692858,18.901306124317,0.26716742096077595,-0.671706661259789,31,5,238
E315,***轮胎有限公司,1968,0.029979674796748013,0.003666841278156103,13580526.85,7113.948061812467,7712.978193348257,384,9299300.29,5.344222460396956,309186.8532432433,0.4052847152801642,2.7720380872477817,0.013700321526139647,-0.3412655968571838,37,0,236
E316,个体经营E316 ,1223,0.053147996729354,0.013816925734024179,13336831.66,11517.125785837652,27109.53023123685,500,8304654.28,4.300620647040864,327901.30212121207,1.2032396481063679,477.46425817684366,0.019548542382081924,86.38739436432354,33,2,208
E317,***科技有限公司,563,0.07992895204262873,0.025096525096525095,7352973.1899999995,14194.928938223937,29456.371084008573,282,4077124.73,3.489202281353393,228601.9584,1.1253365022120696,28.447667639514094,0.21545217419739227,0.13644908580836335,25,7,142
E318,***商贸有限公司,709,0.08885754583921013,0.006191950464396285,12322962.95,19075.794040247678,22091.33232134113,254,9949168.629999999,9.382502684562828,293054.36289473687,0.32744574489947775,3.961941986953974,-0.020200188857845802,-0.49812587195215763,38,0,42
E319,个体经营E319 ,924,0.06168831168831168,0.008073817762399077,20822475.88,24016.696516724336,26309.8624919874,443,6290593.6,1.8657644589727573,376570.40944444446,0.4638881766150129,4.5938263150495695,-0.05154679540805174,-0.28283898571549276,36,0,214
E320,***建筑设计有限公司,342,0.05555555555555558,0.0,15195811.8,47045.85696594427,300103.5235142137,180,1802622.2799999993,1.2691849133185416,1416536.173333333,0.9725951223095124,16.737148347640154,3.750000053000001,-0.2217606397061318,6,10,83
E321,***生物流有限公司,490,0.12857142857142856,0.01639344262295082,16466812.510000002,38563.963723653396,42931.824202598145,241,6171586.870000001,2.1989221190104975,305924.315945946,0.8674713649290856,353.9440145599743,-0.09971263476064385,0.2380784302583845,37,0,143
E322,***装饰工程设计有限公司,1784,0.03811659192825112,0.03205128205128205,19134115.049999997,11150.416695804193,27026.71625896453,494,1005973.5300000012,1.110984739267415,347242.9065517241,0.8652570073113736,18.39318548429609,0.1251671077476707,0.9082967059997489,29,1,245
E323,***建筑装饰工程有限公司,666,0.1216216216216216,0.006837606837606838,9478795.790000001,16203.069726495729,31305.602033382445,265,1485901.2500000014,1.3718055436772976,342646.7825,1.2084795831314894,21.544363,-0.018620285459093444,-0.6236893402726836,16,7,162
E324,***汽贸有限公司,2037,0.06332842415316642,0.006289308176100629,93168635.59,48830.521797693924,39626.91155682262,652,-65566108.849999994,0.17389089475891936,373007.11810810806,0.7292344946369455,6.0393357134613845,0.004149553406640527,-0.5540949497750246,37,0,125
E325,***通讯器材有限公司,4710,0.04161358811040339,0.009082853345148427,42729295.839999996,9465.949455028798,51228.64453684947,979,-19746485.919999994,0.36786750437614696,302405.39368421055,0.4571263522514013,2.275416823761533,-0.08514018423140068,-0.9518457508302559,38,0,1582
E326,***包装材料有限公司,484,0.06818181818181823,0.0,19902695.66,44130.14558758315,34994.73045558544,217,2254541.540000001,1.2554988498706516,335715.7151515152,0.6088215146599548,10.50471463372261,-0.021697901258446728,-0.8759230460803682,33,0,74
E327,个体经营E327 ,751,0.045272969374167804,0.001394700139470014,28736309.290000003,40078.53457461646,37863.38328131901,374,7254508.27,1.6754096887170589,499872.46611111116,0.605992046454389,4.586744335614265,0.04531623326439216,-0.5957091063291899,36,0,68
E328,***科技有限公司,629,0.060413354531001606,0.015228426395939087,10630755.57,17987.742081218275,33964.745689402254,285,6047372.55,3.638824869582905,320733.2330769231,1.2903572131054897,225.742109387473,0.560869753341227,31.956123204455828,26,3,137
E329,***园艺有限责任公司,134,0.03731343283582089,0.0,11071857.99,85828.3565116279,27960.598765572144,32,11069354.21,8843.114091493664,615033.6722222222,0.6738273596313904,265.52315151515154,0.051712948517940616,-0.2128180869902724,18,12,20
E330,***酒店管理有限公司,9207,0.009775171065493637,0.0043874081386420976,10993243.059999999,1205.7961017878686,2456.572436298101,1051,5600793.6,3.07727254248573,218342.58763157894,0.4904181327112705,3.381673631338079,0.1317948451163644,-0.9361122017187976,38,0,1656
E331,***广告有限公司,239,0.05020920502092052,0.01762114537444934,7237775.93,31884.475462555063,42108.40327839593,141,4842114.129999999,5.042402086972376,251664.37625,1.5738352033324603,414.8899459836208,-0.12500003312499908,-0.7362729696261728,24,10,90
E332,***商贸有限公司,1225,0.024489795918367308,0.0066945606694560665,46783895.91,39149.70369037657,75533.17749999625,470,14394024.45,1.8887978742228697,1176498.4684615387,1.25224841883247,42.72292078433785,-0.03188832270982478,3.7152192003284616,26,1,214
E333,***房地产营销策划有限公司,986,0.015212981744421872,0.006179196704428424,8434021.830000002,8685.9133161689,25368.31327539171,498,5806787.369999999,5.4204561552530794,245531.19310344828,0.7309610065932527,6.480110703282012,0.05411745002147922,-0.5105666040906589,29,4,191
E334,***机械科技有限公司,347,0.043227665706051854,0.018072289156626505,12980810.540000001,39098.82692771085,39414.45629910557,167,2079063.3999999994,1.3814183861175118,259652.99896551727,0.6728947001742493,60.158229212727704,-0.12925960770779427,-0.45662237402443495,29,1,45
E335,***挖掘机租赁经营部,779,0.09756097560975607,0.0,8698950.250000002,12374.040184921767,26200.076249701964,280,2207941.4299999997,1.6803076351389088,302969.2133333333,1.0230780164541575,19.086676257115588,0.3975685916031604,3.362889950737276,18,7,70
E336,***猕猴桃专业合作社,60,0.08333333333333337,0.0,3138960.25,57072.00454545455,44421.01346539395,24,2614792.75,10.976935807733215,261534.22727272726,2.40786079277467,302.3333333333333,0.31936069235064213,-0.9892282133788802,11,18,23
E337,个体经营E337 ,823,0.09599027946537064,0.009408602150537635,11609004.26,15603.500349462365,20337.860379393056,340,11022646.040000003,38.59696944301386,314328.47638888896,0.5679860765654577,2.3664251773047806,0.03673799887581253,-0.6805493566781133,36,0,134
E338,***商贸有限公司,341,0.02346041055718473,0.006006006006006006,7928819.089999999,23810.267537537533,38360.76208316322,220,6787295.129999999,12.891638490005938,245268.5703333333,1.1019847777913236,9.40216222465026,0.0,9.411596213385142,30,7,93
E339,***居益卫浴家俬厂,302,0.026490066225165587,0.013605442176870748,6792440.74,23103.53993197279,27268.21668315189,179,1007093.4399999995,1.3481531489043015,194988.3545,0.6915096799537972,3.2245819785422496,-0.06724143885137968,-0.7917239329057492,20,2,68
E340,***物流有限公司,175,0.16000000000000003,0.07482993197278912,6857373.95,46648.80238095238,50520.87918586386,76,6798074.509999999,230.2795517124613,213366.3821875,1.2419300921069758,83.17903536740224,0.4805195560887179,0.6398851880183698,32,4,51
E341,***纺织品有限公司,128,0.046875,0.0,4813511.000000001,39455.00819672132,33657.008855190325,69,1943887.6,2.354803281852246,225246.62000000005,0.6705750332849898,5.372899820084006,-0.176331593558263,0.6280915430759563,15,3,41
E342,***裕华机械厂,422,0.10663507109004744,0.005305039787798408,7169805.430000001,19018.05153846154,26179.48836523806,269,2689437.8500000006,2.2005433938078807,144988.87176470587,0.5861372325424541,22.788070773075667,-0.09922080216729712,-0.17510227566657344,34,2,78
E343,***五金工具经营部,436,0.07339449541284404,0.024752475247524754,2552752.5,6318.694306930693,3705.7911944212233,149,2551167.5999999996,3220.3420405072875,68971.89324324326,0.66806736865872,2.1113872659574637,0.023584252484903145,-0.6901882963312794,37,0,30
E344,***机械有限公司,214,0.03738317757009346,0.03398058252427184,3701439.88,17968.154757281554,31786.42914430503,137,901303.96,1.6437572930388322,62199.241081081076,1.203786886304376,33.349984863132,0.13378474262554374,-0.9606987280851425,37,0,105
E345,***科技有限公司,340,0.04705882352941182,0.0,2830853.35,8737.201697530865,18255.576697519988,238,1665959.8300000003,3.860278302518157,83274.31814814816,0.9220632969630703,113.12056985674081,0.4398220541514706,-0.1343817042613026,27,10,128
E346,个体经营E346 ,1141,0.042944785276073594,0.008241758241758242,4715552.4,4318.271428571429,7073.748417913315,555,101517.16000000015,1.0440036344412489,66903.7438888889,0.7129846295776973,11.349509361925277,-0.07230175472994671,-0.3786112799667683,36,0,200
E347,***不锈钢材料有限公司,297,0.14141414141414144,0.0,3091757.5400000005,12124.539372549021,15101.899813549753,158,1142438.86,2.1721417044030993,58808.28333333334,0.9403478742507797,5.748997938876543,-0.1139551851531172,1.3937198914835314,36,0,74
E348,***酒店管理有限公司,4469,0.05079436115462077,0.008486562942008486,3033492.3699999996,715.1089981140971,1892.5461439363726,893,1488233.19,2.926192329755323,66495.96411764705,0.36007007390599916,1.2413059756178804,-0.03905626871432066,-0.8709330942442772,34,0,1043
E349,***营销策划广告有限公司,48,0.0,0.0,3335952.42,69499.00875,40765.22365447564,16,3322195.1999999993,483.97478705726877,554845.6349999999,0.3200488882192428,0.3646536468335171,0.2855440068973818,1.2921662665619487,6,17,9
E350,***演艺设备有限公司,689,0.020319303338171224,0.002962962962962963,1879276.32,2784.113066666667,11853.432323672083,424,1065645.18,3.6194798296436876,56633.105769230766,1.3208198586155164,172.71213325093433,0.2921365806961911,1.3983869701677947,26,8,173
E351,***文化传播有限公司,161,0.05590062111801242,0.006578947368421052,1355419.46,8917.233289473685,19741.53729817039,114,759610.5000000002,3.5498458432045075,50357.85619047619,1.116629920099588,6.455069713234608,0.06841671635788604,-0.9593974612911184,21,12,61
E352,***居装饰工程有限公司,795,0.01635220125786163,0.015345268542199489,16386539.76,20954.65442455243,50869.10932124381,294,-11086615.459999999,0.1929128364601436,110415.08958333333,0.6042542048338686,11.501597014648658,0.04639172958869242,0.8876847416612873,24,11,94
E353,***税务师事务所有限公司,314,0.07006369426751591,0.017123287671232876,3052541.7999999993,10453.9102739726,23512.60383743445,229,2415742.92,8.587145630658144,136707.11800000002,0.7404230081266442,387.9747323919452,-0.27597951335218684,5.5199998187200014,20,12,130
E354,***广告有限公司,390,0.08205128205128209,0.019553072625698324,2807086.32,7841.023240223463,6974.752473076569,122,1627012.14,3.757474347926161,71517.7170967742,1.0871666580611774,74.58166190021235,-0.1307547178165629,1.7085685107536526,31,3,77
E355,***地毯经营部,283,0.060070671378091856,0.0,1699625.48,6389.569473684211,30863.44027633512,154,689045.0800000003,2.3636620698363044,45935.97230769231,0.5092025679992809,3.2216631358727605,0.06914924203337502,0.1667259885865443,26,0,109
E356,***建材装饰部,194,0.010309278350515427,0.0,1524011.32,7937.558958333334,2384.221281817652,72,1491754.72,93.49299182182871,55847.51925925927,0.664752785810743,22.913970926519767,0.040055157606672664,0.007154265575545038,27,0,6
E357,***家居经营部,164,0.060975609756097615,0.006493506493506494,1392515.06,9042.305584415584,2291.165309476878,40,1267679.02,21.30950389006252,55420.71,0.509473207198878,2.0,0.0,-0.0037652899624878032,24,8,20
E358,***五金经营部,303,0.13861386138613863,0.13026819923371646,1604785.2799999998,6148.6026053639835,6205.088307425554,47,1603728.68,3036.6401287147455,61702.191538461535,0.5646385850652775,13.825821354899663,-0.0027326937763502146,-0.0006561561718643871,26,3,27
E359,***厨房用品经营部,245,0.07755102040816331,0.01327433628318584,1191293.32,5271.209380530974,3511.892319613657,71,1190236.72,2253.956123414727,49615.20916666667,0.6359885353519908,22.164954087942352,-0.19762370619313951,-0.8036380834924036,24,0,37
E360,***建筑劳务有限公司,38,0.1578947368421053,0.0,2611167.37,81598.9803125,31706.2448747267,10,2609582.47,3294.056306391571,522074.98400000005,0.9010968554758566,3.4901960328911974,-0.14452561618918097,-0.8924017501843468,5,17,3
E361,***勘察设计工程有限公司,292,0.10616438356164382,0.0,8150384.23,31227.525785440615,35074.75867916377,88,1652495.0300000003,1.508625179389024,213106.07086956518,1.286780662576338,37.612394318687706,-0.02314172574284401,-0.8797797434722047,23,9,42
E362,***建材有限公司,231,0.06060606060606055,0.03686635944700461,4619514.0200000005,21288.083041474656,36316.25617431751,130,3795761.7399999998,10.215784483170111,247508.1105882353,1.8223262517025567,26.126293422215447,-0.7040239520965776,0.8701732842391666,17,20,75
E363,***建筑工程设计有限公司,138,0.10869565217391308,0.032520325203252036,1274190.1999999997,10359.269918699185,21912.18577075425,93,871210.2600000002,5.323839345452282,97518.20272727273,0.5735764513589023,4.703362816205135,-0.2146875995276759,-0.3178975644495257,11,16,49
E364,***电子有限公司,475,0.056842105263157916,0.024553571428571428,2462352.1100000003,5496.321674107144,3708.130864727669,179,1595663.2500000002,4.682205514906468,61485.081212121215,0.813978508809036,24.748197017222807,-0.0650254884822965,-0.7637775427718785,33,4,80
E365,***信息技术有限公司,218,0.07339449541284404,0.0049504950495049506,5300750.96,26241.341386138614,37427.50123595689,134,1605432.52,1.868900770565256,143878.8225,2.3108982532683586,21.563410937074895,-0.21383611111111112,-0.5521667989899993,24,12,51
E366,***房地产经纪有限公司,41,0.024390243902439046,0.0,1791869.44,44796.736,44654.0590503734,36,1068572.56,3.954727414281118,95348.06666666668,0.38515197066691614,3.7285462962962956,0.0,1.085288812402226,15,20,11
E367,***电子商务有限公司,240,0.07916666666666672,0.04524886877828054,2225381.3499999996,10069.59886877828,15173.992213641282,49,1768516.5300000003,8.74196853239871,95092.80666666667,0.7712643942981405,3.9095230174049362,0.3780339092233046,5.796116260194188,21,12,35
E368,***通信科技有限责任公司,119,0.11764705882352944,0.009523809523809525,1121892.0599999998,10684.686285714284,27740.809362469674,86,515488.12,2.700147660650094,54579.33933333333,1.9820926828865908,61.34405054405054,0.5400011700011701,-0.3751444325810651,15,17,43
E369,***网络技术有限公司,375,0.06133333333333335,0.005681818181818182,2054046.4,5835.359090909091,6102.004291793322,174,779833.6600000001,2.2240242708607676,44279.37593749999,0.7879208537812625,37.048249156570435,-0.041397073739070644,-0.7926324484701277,32,5,50
E370,***设计服务部,502,0.05776892430278879,0.019027484143763214,2021950.47,4274.736723044397,3629.239323099746,174,2020350.1900000002,2525.995863223936,72183.94035714286,0.7946675096753941,21.17856886638722,0.02878270526199711,-0.591711373820922,28,1,92
E371,***自动化科技有限公司,113,0.06194690265486724,0.0,1423374.3800000001,13428.060188679246,28129.655644722538,66,1051072.02,6.64633552148313,68734.62222222221,1.3489436835618076,238.18326908365458,-0.12000004531999942,-0.9417000438161993,18,12,40
E372,***汽车维修有限责任公司,910,0.05604395604395607,0.024447031431897557,2614065.46,3043.149545983702,4329.158563221058,510,1516498.7999999998,3.763383501463136,55818.43594594595,0.5009216875319498,8.113375205731954,0.0034210565258212533,-0.410317380205107,37,0,204
E373,个体经营E373 ,993,0.01611278952668682,0.0020470829068577278,21086783.28,21583.196806550666,38610.93814140444,477,-18445378.36,0.06681660729949399,37734.356,2.901794396443007,18.68895518895519,0.04590265597542015,-0.7351068498565643,35,1,123
E374,***建材经营部,252,0.1785714285714286,0.0,1315477.4100000001,6354.963333333334,4205.201106681688,106,1221216.93,26.91153641483684,55145.52913043479,1.0540683781552518,3.868771875800758,-0.06889999446063316,2.9706509262453884,23,1,57
E375,***电器经营部,379,0.05277044854881263,0.0,986493.02,2747.8914206128134,2841.8555652260147,262,985436.4199999999,1866.2970282036722,31805.313548387105,0.6937689517418064,8.12775273810453,0.05022821586379689,-0.5654811961653143,31,0,230
E376,***建筑装饰设计有限责任公司,56,0.1428571428571429,0.0,572822.8,11933.808333333334,14391.132479120803,22,560115.7199999999,89.15805362050132,47205.77166666667,1.3986938329876863,117.39215945549067,-0.1419086039896612,23.780386807619234,12,12,15
E377,***文化传播有限公司,197,0.15736040609137059,0.012048192771084338,1025571.8100000002,6178.143433734941,12272.70986672886,125,533602.3300000001,3.169249726629384,33895.090000000004,1.3317651821883394,22.53846153846154,0.08939850844769914,0.06536924458058112,23,6,57
E378,***商贸有限公司,1054,0.06736242884250476,0.013224821973550356,2056588.4,2092.15503560529,7732.77884631894,503,-300725.16000000027,0.7448577354299865,27435.363125,1.9438968295184706,26.08832850663898,0.03225923375258266,-0.9756751523674575,32,5,137
E379,***药业有限公司,624,0.16025641025641024,0.0057251908396946565,3554582.7899999996,6783.554942748091,15263.04992992861,321,965947.0700000001,1.7462981852077666,72911.77193548386,0.7321605783010153,1.7671216690830103,-0.03190830755994445,-0.09756108590123608,31,6,146
E380,***建材有限公司,190,0.11578947368421055,0.09523809523809523,1227119.4100000001,7304.282202380953,5456.786753577794,36,1226062.8100000003,2321.770035964415,81772.74066666668,1.1313734908033017,136.57868092691623,-0.3628509519765081,4.014839536031641,15,22,8
E381,***通信网络工程有限公司,1905,0.030971128608923926,0.011375947995666305,86200514.29,46695.83656013002,89041.7966886662,665,-83208527.71,0.017661315740159843,106856.66357142858,1.1894378854384722,4.931370628564845,-0.041754648372628766,0.26446530891878434,14,23,209
E382,***教育信息咨询有限公司***分公司,90,0.0,0.0,517152.64,5746.140444444444,2192.6399108534033,36,515754.16,738.5924718265545,25822.67,0.5685180510383379,8.650000686666987,0.003330917867541805,-0.6453726999525492,20,6,79
E383,***通讯器材经营部,139,0.1079136690647482,0.056451612903225805,1039594.0900000002,8383.823306451615,9304.688692189298,32,585050.5300000001,3.5742330614034,54154.820666666674,1.0080285385380026,65.80869061413674,-0.09523529752519683,-0.9996901170711402,15,6,17
E384,个体经营E384 ,279,0.05734767025089604,0.011406844106463879,4540937.7700000005,17265.92307984791,26100.88224671223,169,-532990.3500000003,0.7899101692437849,250496.71375000002,0.7643433545013808,23.20689117241518,0.48699215731333667,-0.30386335996363445,8,23,82
E385,***装饰工程有限公司,59,0.30508474576271183,0.024390243902439025,485499.11,11841.441707317073,27719.620907641296,41,458177.76999999996,34.539919345098,47183.844000000005,0.9402101924057253,5.475670942005965,0.5043761739060504,3.2616479398479843,10,10,15
E386,个体经营E386 ,467,0.032119914346895095,0.008849557522123894,4328728.1899999995,9576.832278761061,29779.432567455424,229,3962534.07,22.64171325306916,318894.7023076924,0.821247509038546,2.095238064875284,-0.1384615384615384,-0.75,13,14,120
E387,***农副产品经营部,97,0.08247422680412375,0.0,826405.2000000001,9285.45168539326,1957.8513434939316,34,823888.36,655.7006245927432,29469.527857142853,0.062286163734660914,0.33333333333333326,0.0,0.003344571470106193,28,1,9
E388,***商贸有限公司,646,0.05572755417956654,0.001639344262295082,1124638.98,1843.6704590163934,2488.2965377002697,350,938371.8200000001,11.075547616659858,29471.582857142854,0.6571024437586485,43.06944609509321,-0.10341603524784354,-0.00946997066431599,35,2,150
E389,***清洁服务有限公司,66,0.015151515151515138,0.0,464454.98,7145.4612307692305,4152.546400599994,15,458781.8600000001,162.7388174408439,41965.31090909091,0.6424566545294118,4.852280418827213,-0.0004733757139926409,0.0,11,6,4
E390,***建筑工程有限公司,30,0.0,0.0,800968.47,26698.949,36395.58949361152,24,787197.8099999999,115.32971404420702,158816.62799999997,0.449083215438658,1.8465391283894785,0.5134382211099828,1.502373925844922,5,13,15
E391,***五金店,353,0.09065155807365444,0.009345794392523364,1314590.6199999999,4095.2978816199375,3554.2908540276894,163,1312911.38,1564.697124889831,34572.394736842114,0.6415637748953652,26.7866271338123,-0.09275736283091829,0.15742828096299125,38,0,104
E392,***科技有限公司,439,0.0751708428246014,0.0049261083743842365,1098051.31,2704.559876847291,5454.20714721834,244,921022.4700000001,11.405338135865321,31548.0278125,1.0921360155850366,13.266651216685979,0.11111026337473695,1.9213844239351319,32,3,197
E393,***商贸有限责任公司,631,0.10142630744849446,0.01763668430335097,1267419.9500000002,2235.3085537918873,4022.183591402133,371,520120.11000000004,2.3919984513846546,24826.945277777773,0.2672903199851787,1.9253874666866175,-0.06496509639770587,-0.34354563345086,36,0,173
E394,***环保设计研究院（有限合伙）,630,0.12063492063492065,0.007220216606498195,1823503.01,3291.521678700361,13309.396555108937,347,320475.6300000001,1.4264401756939387,107198.932,0.9880810682552166,9.208339144970484,1.4489805098711872,2.8879826257851886,10,16,143
E395,***网络科技有限公司,276,0.17753623188405798,0.02643171806167401,2132672.5900000003,9395.033436123349,18353.050768730856,161,1668928.69,8.197630804415972,67885.73714285715,1.282603767555484,12.835822830968311,0.19999907200003708,1.6960785128315912,28,3,58
E396,***文化传播有限公司,281,0.06405693950177938,0.011406844106463879,1066796.9599999997,4056.262205323193,11888.57244647711,185,169463.73999999987,1.3777052631574251,41208.689999999995,1.2643696983351898,7.9453761277847725,-0.0673584425522723,-0.9601386769973156,15,17,110
E397,***大闸蟹经营部,202,0.2524752475247525,0.0,1034049.0599999998,6848.0070198675485,28910.130917413448,91,266380.86,1.6939999859314219,46443.92571428572,0.6907435588064571,8.051257566751572,-0.3216938867599811,-0.9873932797983964,14,15,99
E398,***医疗管理咨询有限公司,163,0.006134969325153339,0.0,696591.39,4299.9468518518515,4057.24135469031,90,541143.37,7.96237070115142,30943.369,1.7615297225774704,20.42854935717045,0.33333333333333326,-0.9833334019999849,20,13,44
E399,***装饰工程有限公司,71,0.05633802816901412,0.0,460323.25,6870.496268656716,17312.444689248554,58,423996.76999999996,24.34367491703022,63165.71571428572,0.9197503439017105,7.598035921289744,-0.3168938263316549,-0.9858188530561495,7,18,22
E400,***办公用品经营部,150,0.07999999999999996,0.0,879101.44,6370.300289855072,4451.4255302953125,56,752194.5000000001,12.854268962753338,38840.37952380952,0.6243445381875259,9.43653320654221,-0.12076717237328144,-0.9643418435779141,21,15,26
E401,***遮阳技术发展中心,105,0.36190476190476195,0.0,479387.21,7155.0329850746275,12892.683902853236,51,148674.21000000002,1.8991131887769759,18472.394705882354,1.8239542425166941,25.847247450711215,0.5156194202919658,-0.5395713326836076,17,13,25
E402,***商贸有限公司,82,0.03658536585365857,0.02531645569620253,883846.28,11187.92759493671,13995.319035229126,29,56932.880000000005,1.1376997397792803,39199.13166666667,0.9080767534528381,8.838927768364192,-0.1522066243482333,14.761374289885309,12,14,9
E403,***机械有限公司,180,0.061111111111111116,0.0,1287975.16,7621.154792899408,15310.421590643435,134,1107121.54,13.243288688387883,32366.171621621623,1.2198141103687303,12.358004858299594,0.0,0.06940168403872547,37,1,64
E404,个体经营E404 ,50,0.19999999999999996,0.0,1646639.57,41165.98925,47952.79657311303,26,13944.869999999879,1.0170820300941747,138382.03666666665,1.224796471009917,6.446807285649823,0.5064103196909846,11.614677805810537,6,29,17
E405,***职业技能服务有限公司,63,0.33333333333333337,0.0,677605.26,16133.458571428571,25541.514156859255,31,505260.74,6.863380396429199,39428.86666666667,1.8396231577649165,29.723953611383216,-0.36711032282208006,-0.25000000000000006,15,14,37
E406,***招投标代理有限公司,83,0.08433734939759041,0.013157894736842105,1023385.85,13465.603289473684,19960.944842001267,62,640147.03,4.340721224431283,69313.87,1.4437730764709178,2.6904552025111976,-0.16339495568192164,9.841982277410224,12,19,39
E407,***装饰工程有限公司,193,0.07253886010362698,0.0223463687150838,2237065.4999999995,12497.572625698322,30758.26913476054,136,1460823.7999999998,4.763837474848362,142226.51153846152,0.9167571362255421,3.7999999588,0.09381657288728906,0.6666665951388894,13,14,59
E408,***空调制冷有限责任公司,72,0.09722222222222221,0.0,582447.5599999999,8960.73169230769,14017.607157576367,59,461838.31999999995,8.65842351713683,34809.52933333333,0.6455682941720366,9.000004577779913,-0.09144181948014479,-0.5724424309266196,15,19,22
E409,***塑胶有限公司,116,0.09482758620689657,0.0,263490.17,2509.4301904761905,2246.779835995619,90,169370.73,4.59905945041747,8324.248076923079,1.1843542241547862,16.95437579396026,-0.28887984219027185,-0.9665472142210877,26,2,46
E410,***网络科技有限公司,171,0.005847953216374324,0.029411764705882353,423746.51,2492.6265294117647,7727.694875259934,119,390185.15,24.25204640098018,15652.531923076922,1.1806110833269172,20.14225714285714,-0.07227555555555554,0.1999999999999999,26,6,51
E411,***机电设备有限公司,206,0.1456310679611651,0.022727272727272728,506058.68,2875.333409090909,8185.981360317111,155,14551.79999999996,1.0592130063367575,9640.934814814813,1.3861897314747467,13.199998626666025,-0.4168334977465715,0.15000214583065083,27,8,66
E412,***汽车贸易有限公司,235,0.06382978723404253,0.0,386448.0200000001,1756.5819090909094,2315.0911152206318,179,254657.54000000004,4.864581720925518,9713.720606060608,1.0021098755655142,18.633858634609066,-0.12921298675528692,-0.7216216467007526,33,3,107
E413,***石材工艺品有限公司,102,0.06862745098039214,0.0,311442.5799999999,3278.34294736842,4196.967785640484,64,262515.1599999999,11.730799212384378,40996.98142857143,1.3826031453120684,12.182441289935952,0.3627229765290857,-0.5470272584251962,7,25,17
E414,***物流有限责任公司***分公司,20,0.15000000000000002,0.0,386892.08999999997,22758.358235294116,31513.99392569221,13,367282.64999999997,38.459779575551366,53869.62428571428,1.29023320605533,0.32916064474364304,-0.26179745864803766,-0.731249814921868,7,7,10
E415,***广告设计服务部,210,0.0,0.03333333333333333,102471.61000000002,487.9600476190477,876.7156636119186,119,68185.89,4.977509587081736,3709.945652173913,0.776662847450606,12.26300194711742,0.01638101649934337,-0.6851060728288904,23,0,186
E416,***科技有限公司,33,0.09090909090909094,0.0,314876.0399999999,10495.867999999997,12630.708104511064,18,103952.77999999991,1.9856929008208948,26176.80125,0.5880066025103031,9.000006866669873,0.0,-0.39999999999999997,8,25,10
E417,***园林景观工程有限公司,134,0.007462686567164201,0.0,316706.31,2381.2504511278194,11166.526106334491,123,6633.52999999997,1.0427869224767163,40417.48,0.9646376161167663,4.000001287500048,-0.6000001029999773,-0.5939909978506122,4,13,25
E418,***营销策划有限公司,94,0.03191489361702127,0.0,472123.47000000003,5188.17,15804.37732466505,75,379537.61,9.198608513222213,47314.50444444444,1.7539881006677498,4.471699286579097,-0.09893647635770475,9.347899113336702,9,15,44
E419,***科技有限公司,1308,0.019877675840978548,0.01014040561622465,11832943.12,9230.064836193447,57424.118990864365,585,-11728792.18,0.004420342503380895,13018.8675,0.28152273799414496,0.0526317991690155,0.0,-0.4736841004154922,4,15,196
E420,***康药房,279,0.05017921146953408,0.0,1947335.73,7348.436716981132,14898.69721503055,187,-1804075.19,0.03818844244341007,2387.675666666667,0.8782681825098562,12.620481927710843,-0.05481972038263416,-0.134375,30,3,94
E421,***保温材料有限公司,48,0.02083333333333337,0.0,276094.56999999995,5874.352553191488,3850.3814678968843,25,215306.94999999998,8.083907874662636,49140.152,1.2472424913856177,8.52380710062364,1.3895488287336164,0.36904715192744875,5,26,11
E422,***童装店,33,0.09090909090909094,0.0,27907.7,930.2566666666667,1485.833268033598,20,26128.92,30.378472885910565,2078.3315384615385,1.5299380240481417,13.0934445741491,0.08103974331686792,0.042862818381130346,13,7,22
E423,***通风设备有限公司,28,0.0357142857142857,0.037037037037037035,133832.53999999998,4956.76074074074,7060.204057575066,24,11740.259999999987,1.1923178107575678,12131.066666666666,0.847268583712553,2.8409083194732014,-0.17571496677515996,-0.829289973375411,6,26,11
E424,***贸易有限公司,68,0.08823529411764708,0.03225806451612903,331226.32,5342.36,10662.343606393946,46,-177433.47999999998,0.30234911428031075,5915.109230769231,2.997211991262564,181.12469101123597,0.4111104895225285,-0.17213462605686683,13,13,34
E425,***商贸有限公司,136,0.07352941176470584,0.023809523809523808,142322.46,1129.5433333333333,2459.0155560044755,96,27929.959999999985,1.4883180278427341,28375.403333333332,0.7709973495568453,-0.3317190568723827,-0.5903764204982874,,3,13,30
